<?xml version='1.0' encoding='utf-8' standalone='yes' ?>
<map>
    <string name="saved_form_level_74">10</string>
    <string name="saved_form_level_30">44</string>
    <string name="saved_form_level_73">10</string>
    <int name="saved_next_boss_level" value="1" />
    <string name="saved_form_level_72">10</string>
    <string name="saved_form_level_71">10</string>
    <string name="saved_form_level_12">21</string>
    <string name="saved_form_level_77">10</string>
    <string name="saved_form_level_11">10</string>
    <string name="saved_form_level_76">10</string>
    <string name="saved_form_level_10">13</string>
    <string name="saved_form_level_32">32</string>
    <string name="saved_form_level_75">10</string>
    <string name="saved_form_level_31">44</string>
    <int name="saved_delay_reward" value="1" />
    <int name="daily_login_num_days" value="1" />
    <string name="saved_form_level_70">10</string>
    <boolean name="saved_warn_crystals" value="true" />
    <int name="saved_my_crystals" value="999997299" />
    <string name="saved_gmg_icon_url">/data/user/0/com.globalfun.ben10ae.google/files/icon.png</string>
    <int name="saved_startup_count" value="2" />
    <int name="daily_login_start_date" value="44627" />
    <int name="saved_language" value="0" />
    <int name="saved_accept" value="1" />
    <int name="saved_gmg_last_update" value="692296607" />
    <string name="saved_form_level_40">10</string>
    <int name="saved_num_purchases" value="5" />
    <string name="saved_form_level_23">12</string>
    <string name="saved_form_level_22">14</string>
    <string name="saved_form_level_21">14</string>
    <string name="saved_gmg_icon">https://www.essentialapplications.com/gmg_cdn/maomao_new.png</string>
    <string name="saved_form_level_20">20</string>
    <string name="saved_gmg_url">market://details?id=com.globalfun.maomaofight.google</string>
    <string name="saved_gmg_game">Mao Mao: Protectors of Pure Heart</string>
    <int name="saved_last_purchase_amount" value="10000" />
    <string name="saved_form_level_14">12</string>
    <string name="saved_form_level_13">22</string>
</map>
