<?xml version='1.0' encoding='utf-8' standalone='yes' ?>
<map>
    <int name="Screenmanager%20Resolution%20Height" value="1080" />
    <int name="Coins" value="999950299" />
    <int name="__UNITY_PLAYERPREFS_VERSION__" value="1" />
    <int name="Screenmanager%20Resolution%20Width" value="2180" />
    <int name="Screenmanager%20Fullscreen%20mode" value="-1" />
    <int name="Env0LevelCleared" value="2" />
    <int name="Weapon3" value="1" />
    <int name="Weapon2" value="1" />
    <int name="Weapon1" value="1" />
    <int name="Weapon7" value="1" />
    <int name="Weapon6" value="1" />
    <int name="Weapon5" value="1" />
    <int name="Weapon4" value="1" />
    <int name="Weapon10" value="1" />
    <int name="Weapon11" value="1" />
    <int name="Weapon9" value="1" />
    <int name="Weapon8" value="1" />
</map>
