<?xml version='1.0' encoding='utf-8' standalone='yes' ?>
<map>
    <int name="campaign.star.level.3.dif.0.map1.st0" value="1" />
    <int name="campaign.star.level.3.dif.0.map1.st1" value="1" />
    <int name="campaign.star.level.3.dif.0.map1.st2" value="1" />
    <int name="hero_9" value="2571" />
    <int name="campaign.star.level.1.dif.0.map0.st1" value="1" />
    <int name="campaign.star.level.1.dif.0.map0.st2" value="1" />
    <int name="campaign.star.level.1.dif.0.map0.st0" value="1" />
    <int name="hero_5" value="2842" />
    <int name="hero_6" value="1814" />
    <int name="hero_7" value="2294" />
    <int name="hero_8" value="1630" />
    <int name="hero_1" value="2156" />
    <int name="hero_2" value="2200" />
    <int name="hero_3" value="1937" />
    <int name="hero.rotuunlock" value="1" />
    <int name="hero_4" value="2177" />
    <int name="campaign.star.level.8.dif.0.map0.st1" value="1" />
    <int name="campaign.star.level.12.dif.0.map1.st0" value="1" />
    <int name="campaign.star.level.8.dif.0.map0.st0" value="1" />
    <int name="hero_0" value="2495" />
    <int name="storymode.level.13.dif.0.map0" value="1" />
    <int name="hero.itachi.rankuped" value="2" />
    <int name="campaign.star.level.12.dif.0.map1.st2" value="1" />
    <int name="hero.hashiramaunlock" value="1" />
    <int name="hero.pain.rankuped" value="2" />
    <int name="hero.sakuralevel" value="49" />
    <int name="hero.kakashiunlock" value="1" />
    <int name="storymode.level.13.dif.0.map1" value="1" />
    <int name="first.hero3" value="1" />
    <int name="storymode.level.6.dif.0.map0" value="1" />
    <int name="campaign.starreward" value="14" />
    <int name="hero.obito.rankuped" value="2" />
    <int name="storymode.level.6.dif.0.map1" value="1" />
    <int name="storymode.level.5.dif.0.map1" value="1" />
    <int name="Epickey" value="1" />
    <int name="storymode.level.5.dif.0.map0" value="1" />
    <int name="hero.itachilevel" value="49" />
    <int name="SelectModeView" value="1" />
    <int name="campaign.star.level.13.dif.0.map1.st0" value="1" />
    <int name="campaign.complete.level.0.dif.0.map2" value="1" />
    <int name="Screenmanager%20Resolution%20Height" value="1080" />
    <int name="campaign.star.level.13.dif.0.map1.st2" value="1" />
    <int name="popupwin.counter" value="0" />
    <int name="hero.rotu.rankuped" value="4" />
    <int name="campaign.star.level.2.dif.0.map1.st1" value="1" />
    <int name="counter.removeads" value="2" />
    <int name="campaign.star.level.2.dif.0.map1.st2" value="1" />
    <int name="campaign.star.level.2.dif.0.map1.st0" value="1" />
    <int name="hero.sasukeunlock" value="1" />
    <int name="hero.madaralevel" value="59" />
    <int name="campaign.complete.level.6.dif.0.map1" value="1" />
    <int name="campaign.complete.level.6.dif.0.map0" value="1" />
    <int name="storymode.level.0.dif.0.map0" value="1" />
    <int name="campaign.star.level.9.dif.0.map1.st0" value="1" />
    <int name="storymode.level.0.dif.0.map2" value="1" />
    <int name="storymode.level.0.dif.0.map1" value="1" />
    <int name="PopupTalent" value="1" />
    <int name="campaign.complete.level.5.dif.0.map0" value="1" />
    <int name="campaign.target.map" value="2" />
    <int name="campaign.complete.level.5.dif.0.map1" value="1" />
    <string name="cache.win.level"></string>
    <int name="campaign.star.level.10.dif.0.map0.st0" value="1" />
    <int name="campaign.star.level.11.dif.0.map1.st0" value="1" />
    <int name="campaign.star.level.10.dif.0.map0.st1" value="1" />
    <int name="campaign.star.level.11.dif.0.map1.st1" value="1" />
    <int name="campaign.star.level.10.dif.0.map0.st2" value="1" />
    <int name="campaign.star.level.11.dif.0.map1.st2" value="1" />
    <int name="campaign.star.level.8.dif.0.map0.st2" value="1" />
    <int name="campaign.star.level.9.dif.0.map1.st2" value="1" />
    <int name="campaign.target.map.hard" value="1" />
    <int name="SelectLevelView.1.0" value="1" />
    <int name="campaign.complete.level.4.dif.0.map1" value="1" />
    <int name="campaign.complete.level.4.dif.0.map0" value="1" />
    <int name="campaign.star.level.12.dif.0.map0.st0" value="1" />
    <int name="campaign.star.level.12.dif.0.map0.st1" value="1" />
    <int name="campaign.star.level.12.dif.0.map0.st2" value="1" />
    <int name="campaign.star.level.6.dif.0.map0.st2" value="1" />
    <int name="campaign.star.level.6.dif.0.map0.st1" value="1" />
    <int name="campaign.star.level.8.dif.0.map1.st0" value="1" />
    <int name="campaign.star.level.6.dif.0.map0.st0" value="1" />
    <int name="shinobi.talen.data.first" value="1" />
    <int name="Screenmanager%20Resolution%20Width" value="2300" />
    <int name="hero.rotu.normal.rankuped" value="2" />
    <int name="hero.kakashilevel" value="59" />
    <int name="storymode.level.7.dif.0.map1" value="1" />
    <int name="storymode.level.7.dif.0.map0" value="1" />
    <int name="campaign.star.level.1.dif.0.map1.st2" value="1" />
    <int name="counter.money" value="1" />
    <int name="casinoview.free.today" value="1" />
    <int name="campaign.star.level.1.dif.0.map1.st0" value="1" />
    <int name="campaign.star.level.1.dif.0.map1.st1" value="1" />
    <int name="campaign.star.level.9.dif.0.map0.st0" value="1" />
    <int name="campaign.star.level.5.dif.0.map1.st1" value="1" />
    <int name="campaign.star.level.5.dif.0.map1.st0" value="1" />
    <int name="campaign.star.level.9.dif.0.map0.st2" value="1" />
    <int name="campaign.star.level.9.dif.0.map0.st1" value="1" />
    <int name="player.current" value="8" />
    <int name="campaign.star.level.5.dif.0.map1.st2" value="1" />
    <int name="__UNITY_PLAYERPREFS_VERSION__" value="1" />
    <int name="campaign.complete.level.1.dif.0.map1" value="1" />
    <int name="campaign.complete.level.1.dif.0.map0" value="1" />
    <int name="hero.painlevel" value="49" />
    <int name="campaign.star.level.4.dif.0.map1.st0" value="1" />
    <string name="tournament.data">%7B%22playerWin%22%3Afalse%2C%22roundCurrent%22%3A0%2C%22rounds%22%3A%5B%7B%22unlock%22%3Atrue%2C%22nodes%22%3A%5B%7B%22CharId%22%3A51%2C%22isWin%22%3Afalse%2C%22isUser%22%3Atrue%7D%2C%7B%22CharId%22%3A24%2C%22isWin%22%3Afalse%2C%22isUser%22%3Afalse%7D%2C%7B%22CharId%22%3A54%2C%22isWin%22%3Afalse%2C%22isUser%22%3Afalse%7D%2C%7B%22CharId%22%3A36%2C%22isWin%22%3Afalse%2C%22isUser%22%3Afalse%7D%2C%7B%22CharId%22%3A48%2C%22isWin%22%3Afalse%2C%22isUser%22%3Afalse%7D%2C%7B%22CharId%22%3A38%2C%22isWin%22%3Afalse%2C%22isUser%22%3Afalse%7D%2C%7B%22CharId%22%3A49%2C%22isWin%22%3Afalse%2C%22isUser%22%3Afalse%7D%2C%7B%22CharId%22%3A32%2C%22isWin%22%3Afalse%2C%22isUser%22%3Afalse%7D%2C%7B%22CharId%22%3A43%2C%22isWin%22%3Afalse%2C%22isUser%22%3Afalse%7D%2C%7B%22CharId%22%3A35%2C%22isWin%22%3Afalse%2C%22isUser%22%3Afalse%7D%2C%7B%22CharId%22%3A28%2C%22isWin%22%3Afalse%2C%22isUser%22%3Afalse%7D%2C%7B%22CharId%22%3A27%2C%22isWin%22%3Afalse%2C%22isUser%22%3Afalse%7D%2C%7B%22CharId%22%3A40%2C%22isWin%22%3Afalse%2C%22isUser%22%3Afalse%7D%2C%7B%22CharId%22%3A32%2C%22isWin%22%3Afalse%2C%22isUser%22%3Afalse%7D%2C%7B%22CharId%22%3A30%2C%22isWin%22%3Afalse%2C%22isUser%22%3Afalse%7D%2C%7B%22CharId%22%3A28%2C%22isWin%22%3Afalse%2C%22isUser%22%3Afalse%7D%5D%7D%2C%7B%22unlock%22%3Afalse%2C%22nodes%22%3A%5B%7B%22CharId%22%3A-1%2C%22isWin%22%3Afalse%2C%22isUser%22%3Atrue%7D%2C%7B%22CharId%22%3A-1%2C%22isWin%22%3Afalse%2C%22isUser%22%3Afalse%7D%2C%7B%22CharId%22%3A-1%2C%22isWin%22%3Afalse%2C%22isUser%22%3Afalse%7D%2C%7B%22CharId%22%3A-1%2C%22isWin%22%3Afalse%2C%22isUser%22%3Afalse%7D%2C%7B%22CharId%22%3A-1%2C%22isWin%22%3Afalse%2C%22isUser%22%3Afalse%7D%2C%7B%22CharId%22%3A-1%2C%22isWin%22%3Afalse%2C%22isUser%22%3Afalse%7D%2C%7B%22CharId%22%3A-1%2C%22isWin%22%3Afalse%2C%22isUser%22%3Afalse%7D%2C%7B%22CharId%22%3A-1%2C%22isWin%22%3Afalse%2C%22isUser%22%3Afalse%7D%5D%7D%2C%7B%22unlock%22%3Afalse%2C%22nodes%22%3A%5B%7B%22CharId%22%3A-1%2C%22isWin%22%3Afalse%2C%22isUser%22%3Atrue%7D%2C%7B%22CharId%22%3A-1%2C%22isWin%22%3Afalse%2C%22isUser%22%3Afalse%7D%2C%7B%22CharId%22%3A-1%2C%22isWin%22%3Afalse%2C%22isUser%22%3Afalse%7D%2C%7B%22CharId%22%3A-1%2C%22isWin%22%3Afalse%2C%22isUser%22%3Afalse%7D%5D%7D%2C%7B%22unlock%22%3Afalse%2C%22nodes%22%3A%5B%7B%22CharId%22%3A-1%2C%22isWin%22%3Afalse%2C%22isUser%22%3Atrue%7D%2C%7B%22CharId%22%3A-1%2C%22isWin%22%3Afalse%2C%22isUser%22%3Afalse%7D%5D%7D%5D%7D</string>
    <int name="campaign.star.level.4.dif.0.map1.st2" value="1" />
    <int name="hero.sasuke.normalunlock" value="1" />
    <int name="campaign.star.level.2.dif.0.map0.st0" value="1" />
    <int name="firt.tournament" value="1" />
    <int name="campaign.star.level.2.dif.0.map0.st1" value="1" />
    <int name="StoryModeView" value="1" />
    <int name="campaign.star.level.2.dif.0.map0.st2" value="1" />
    <int name="hero.kakashi.rankuped" value="3" />
    <int name="storymode.level.12.dif.0.map0" value="1" />
    <int name="DailyGift" value="1" />
    <int name="storymode.level.12.dif.0.map1" value="1" />
    <int name="life" value="999999999" />
    <int name="campaign.star.level.5.dif.0.map0.st0" value="1" />
    <int name="campaign.complete.level.10.dif.0.map0" value="1" />
    <int name="campaign.star.level.5.dif.0.map0.st2" value="1" />
    <int name="campaign.star.level.5.dif.0.map0.st1" value="1" />
    <int name="campaign.complete.level.10.dif.0.map1" value="1" />
    <int name="hero_13" value="2863" />
    <int name="hero_12" value="1382" />
    <int name="hero_11" value="3187" />
    <int name="hero_10" value="2339" />
    <int name="hero.hashirama.rankuped" value="2" />
    <int name="hero.madara.rankuped" value="3" />
    <int name="storymode.level.14.dif.0.map1" value="1" />
    <int name="storymode.level.14.dif.0.map0" value="1" />
    <int name="hero.garalevel" value="49" />
    <int name="campaign.complete.level.12.dif.0.map1" value="1" />
    <int name="campaign.star.level.0.dif.0.map2.st0" value="1" />
    <int name="tutorial_campaign" value="3" />
    <int name="campaign.star.level.0.dif.0.map2.st1" value="1" />
    <int name="campaign.star.level.0.dif.0.map2.st2" value="1" />
    <int name="hero.madaraunlock" value="1" />
    <int name="campaign.complete.level.12.dif.0.map0" value="1" />
    <int name="hero.obitolevel" value="49" />
    <int name="campaign.star.level.8.dif.0.map1.st2" value="1" />
    <int name="hero.sasuke.normallevel" value="49" />
    <int name="campaign.star.level.8.dif.0.map1.st1" value="1" />
    <int name="hero.gara.rankuped" value="2" />
    <int name="storymode.level.9.dif.0.map0" value="1" />
    <int name="storymode.level.9.dif.0.map1" value="1" />
    <string name="unity.player_sessionid">6146707771338767878</string>
    <int name="hero.sakuraunlock" value="1" />
    <int name="PopupConvert" value="2" />
    <int name="storymode.level.10.dif.0.map1" value="1" />
    <int name="storymode.level.10.dif.0.map0" value="1" />
    <int name="hero.itachiunlock" value="1" />
    <int name="campaign.star.level.6.dif.0.map1.st0" value="1" />
    <int name="campaign.complete.level.14.dif.0.map1" value="1" />
    <int name="campaign.complete.level.14.dif.0.map0" value="1" />
    <int name="campaign.star.level.6.dif.0.map1.st2" value="1" />
    <int name="campaign.star.level.6.dif.0.map1.st1" value="1" />
    <int name="campaign.complete.level.2.dif.0.map0" value="1" />
    <int name="campaign.complete.level.2.dif.0.map1" value="1" />
    <int name="MenuView" value="2" />
    <int name="campaign.star.level.4.dif.0.map0.st2" value="1" />
    <int name="campaign.star.level.4.dif.0.map0.st0" value="1" />
    <int name="campaign.star.level.4.dif.0.map0.st1" value="1" />
    <int name="hero.rotu.normallevel" value="49" />
    <int name="campaign.star.level.14.dif.0.map0.st0" value="1" />
    <int name="campaign.star.level.14.dif.0.map0.st1" value="1" />
    <int name="campaign.star.level.14.dif.0.map0.st2" value="1" />
    <int name="campaign.star.level.13.dif.0.map0.st2" value="1" />
    <string name="currentUser">%3Cuser%20id%3D%22%22%20device%3D%22272be0f68f2a7121e6022da67b04a51a%22%20name%3D%22%22%3E%0A%20%20%3Clife%20time%3D%22637782522827165190%22%20%2F%3E%0A%20%20%3ConlineReward_Element%20time%3D%22637782435685228410%22%20%2F%3E%0A%20%20%3CfreeCoinScheduleElement%20time%3D%22637782551223343160%22%20%2F%3E%0A%20%20%3CfreeCoinVideoScheduleElement%20%2F%3E%0A%20%20%3CfreeGemScheduleElement%20time%3D%22637782551223343160%22%20%2F%3E%0A%20%20%3CfreeGemVideoScheduleElement%20%2F%3E%0A%20%20%3CcommonChestScheduleElement%20%2F%3E%0A%20%20%3CepicChestScheduleElement%20time%3D%22637784927223343160%22%20%2F%3E%0A%20%20%3CFreeSpinVideoScheduleElement%20%2F%3E%0A%20%20%3COnedayScheduleElement%20time%3D%22637783199223343160%22%20%2F%3E%0A%20%20%3CFreeX2SuperSaleScheduleElement%20%2F%3E%0A%20%20%3CHeroSaleScheduleElement%20time%3D%22637783200108743160%22%20%2F%3E%0A%3C%2Fuser%3E</string>
    <int name="campaign.star.level.13.dif.0.map0.st0" value="1" />
    <int name="campaign.star.level.13.dif.0.map0.st1" value="1" />
    <int name="isCollectDailyGift" value="1" />
    <int name="hero.sasuke.rankuped" value="3" />
    <int name="campaign.complete.level.8.dif.0.map0" value="1" />
    <int name="campaign.complete.level.8.dif.0.map1" value="1" />
    <int name="hero.hashiramalevel" value="49" />
    <int name="hero.hinatalevel" value="49" />
    <int name="hero.hinataunlock" value="1" />
    <int name="storymode.level.0.dif.1.map0" value="1" />
    <int name="storymode.level.0.dif.1.map1" value="1" />
    <int name="campaign.star.level.7.dif.0.map1.st2" value="1" />
    <int name="campaign.star.level.7.dif.0.map1.st0" value="1" />
    <int name="campaign.complete.level.3.dif.0.map1" value="1" />
    <int name="campaign.complete.level.3.dif.0.map0" value="1" />
    <int name="campaign.target.level" value="1" />
    <int name="hero.painunlock" value="1" />
    <int name="dif.current" value="0" />
    <int name="firtchest" value="1" />
    <int name="campaign.star.level.0.dif.0.map1.st1" value="1" />
    <int name="stick.first" value="1" />
    <int name="campaign.star.level.0.dif.0.map1.st2" value="1" />
    <int name="storymode.level.3.dif.0.map0" value="1" />
    <int name="storymode.level.3.dif.0.map1" value="1" />
    <string name="shinobi.talen.data">%7B%22upgradeCount%22%3A0%2C%22upgradeSlot%22%3A23%2C%22talents%22%3A%5B%7B%22talent%22%3A0%2C%22level%22%3A-1%7D%2C%7B%22talent%22%3A1%2C%22level%22%3A-1%7D%2C%7B%22talent%22%3A2%2C%22level%22%3A-1%7D%2C%7B%22talent%22%3A3%2C%22level%22%3A-1%7D%2C%7B%22talent%22%3A4%2C%22level%22%3A-1%7D%2C%7B%22talent%22%3A5%2C%22level%22%3A-1%7D%2C%7B%22talent%22%3A6%2C%22level%22%3A-1%7D%2C%7B%22talent%22%3A7%2C%22level%22%3A-1%7D%2C%7B%22talent%22%3A8%2C%22level%22%3A-1%7D%5D%7D</string>
    <int name="campaign.star.level.0.dif.0.map1.st0" value="1" />
    <string name="unity.cloud_userid">c393b15f08acb934ebdb025d9f09fbd0</string>
    <int name="storymode.level.2.dif.0.map1" value="1" />
    <int name="storymode.level.2.dif.0.map0" value="1" />
    <int name="hero.sasukelevel" value="59" />
    <int name="hero.garaunlock" value="1" />
    <int name="campaign.complete.level.7.dif.0.map1" value="1" />
    <int name="packgemx21" value="1" />
    <int name="storymode.level.1.dif.0.map2" value="1" />
    <int name="storymode.level.1.dif.0.map1" value="1" />
    <int name="storymode.level.1.dif.0.map0" value="1" />
    <int name="storymode.level.4.dif.0.map0" value="1" />
    <int name="hero.hinata.rankuped" value="2" />
    <int name="storymode.level.4.dif.0.map1" value="1" />
    <string name="currentUser%40">1295919525</string>
    <int name="campaign.complete.level.7.dif.0.map0" value="1" />
    <int name="BoosterDialog" value="2" />
    <int name="TutorialGamePlay" value="2" />
    <int name="counter.combopack" value="16" />
    <int name="ShopView" value="2" />
    <int name="hero.sasuke.normal.rankuped" value="2" />
    <int name="storymode.level.11.dif.0.map1" value="1" />
    <int name="storymode.level.11.dif.0.map0" value="1" />
    <int name="hero.rotulevel" value="69" />
    <string name="SAVE_GAME_DATA">%7B%22playedDay_%22%3A0%2C%22cv%22%3A0%2C%22stone_0%22%3A2282%2C%22stone_1%22%3A1592%2C%22stone_2%22%3A1116%2C%22stone_3%22%3A860%2C%22stone_4%22%3A285%2C%22stone_5%22%3A19999859%2C%22stone_6%22%3A9999789%2C%22isGetFreeVideoReward%22%3Afalse%2C%22isUnlockAds%22%3Afalse%2C%22get_online_reward_counter%22%3A-1%2C%22get_online_reward_counter_video%22%3A-1%2C%22freeRevival%22%3A0%2C%22commonkey%22%3A0%2C%22epickey%22%3A0%2C%22ticket_spin%22%3A999999948%2C%22zeni%22%3A955723149%2C%22diamond%22%3A999339729%2C%22buffgold%22%3Afalse%2C%22dayLogin%22%3A0%2C%22playedDay%22%3A0%2C%22ratingCounter%22%3A12%2C%22rewardVideoView%22%3A0%2C%22doubleDailyTaskReward%22%3Afalse%2C%22refreshDailyTaskReward%22%3Afalse%2C%22dailyDiamondRemain%22%3A0%2C%22friezaAdsWatched%22%3A0%2C%22futureAdsWatched%22%3A0%2C%22frieza3AdsWatched%22%3A0%2C%22blueVegetaAdsWatched%22%3A0%2C%22totalAdsWatched%22%3A0%2C%22totalIapPurchased%22%3A0%2C%22dt%22%3A%7B%220%22%3A%7B%22n%22%3A32%2C%22ic%22%3Afalse%7D%2C%221%22%3A%7B%22n%22%3A0%2C%22ic%22%3Afalse%7D%2C%227%22%3A%7B%22n%22%3A736%2C%22ic%22%3Afalse%7D%2C%223%22%3A%7B%22n%22%3A15%2C%22ic%22%3Afalse%7D%2C%222%22%3A%7B%22n%22%3A0%2C%22ic%22%3Afalse%7D%2C%224%22%3A%7B%22n%22%3A172%2C%22ic%22%3Afalse%7D%2C%225%22%3A%7B%22n%22%3A0%2C%22ic%22%3Afalse%7D%2C%226%22%3A%7B%22n%22%3A0%2C%22ic%22%3Afalse%7D%2C%228%22%3A%7B%22n%22%3A13%2C%22ic%22%3Afalse%7D%2C%229%22%3A%7B%22n%22%3A1%2C%22ic%22%3Afalse%7D%2C%2210%22%3A%7B%22n%22%3A0%2C%22ic%22%3Afalse%7D%2C%2213%22%3A%7B%22n%22%3A0%2C%22ic%22%3Afalse%7D%2C%2214%22%3A%7B%22n%22%3A0%2C%22ic%22%3Afalse%7D%2C%2215%22%3A%7B%22n%22%3A0%2C%22ic%22%3Afalse%7D%2C%2211%22%3A%7B%22n%22%3A19%2C%22ic%22%3Afalse%7D%7D%2C%22lastHeroChoose%22%3A0%2C%22lastLogin%22%3A%220001-01-01T00%3A00%3A00%22%2C%22lastFreeCasino%22%3A%222021-01-19T23%3A58%3A44.612676-05%3A00%22%2C%22starterPackTime%22%3A%222022-01-19T23%3A58%3A44.61268-05%3A00%22%7D</string>
    <int name="hero.minatolevel" value="49" />
    <int name="campaign.star.level.14.dif.0.map1.st2" value="1" />
    <int name="campaign.star.level.3.dif.0.map0.st0" value="1" />
    <int name="campaign.star.level.14.dif.0.map1.st0" value="1" />
    <int name="campaign.star.level.3.dif.0.map0.st1" value="1" />
    <int name="campaign.star.level.3.dif.0.map0.st2" value="1" />
    <int name="SelectLevelView.0.0" value="1" />
    <int name="SelectLevelView.0.2" value="1" />
    <int name="SelectLevelView.0.1" value="1" />
    <int name="counter.chapter.1" value="2" />
    <int name="counter.chapter.2" value="2" />
    <int name="campaign.complete.level.0.dif.0.map1" value="1" />
    <int name="campaign.complete.level.0.dif.0.map0" value="1" />
    <int name="storymode.level.8.dif.0.map1" value="1" />
    <int name="storymode.level.8.dif.0.map0" value="1" />
    <int name="campaign.complete.level.13.dif.0.map0" value="1" />
    <int name="campaign.complete.level.13.dif.0.map1" value="1" />
    <int name="campaign.star.level.7.dif.0.map0.st0" value="1" />
    <int name="campaign.star.level.0.dif.0.map0.st2" value="1" />
    <int name="campaign.star.level.11.dif.0.map0.st0" value="1" />
    <int name="campaign.complete.level.9.dif.0.map0" value="1" />
    <int name="campaign.star.level.11.dif.0.map0.st1" value="1" />
    <int name="campaign.complete.level.9.dif.0.map1" value="1" />
    <int name="campaign.star.level.0.dif.0.map0.st0" value="1" />
    <int name="campaign.star.level.11.dif.0.map0.st2" value="1" />
    <int name="campaign.star.level.0.dif.0.map0.st1" value="1" />
    <string name="unity.player_session_count">9</string>
    <int name="campaign.star.level.10.dif.0.map1.st2" value="1" />
    <int name="campaign.complete.level.11.dif.0.map0" value="1" />
    <int name="campaign.star.level.10.dif.0.map1.st0" value="1" />
    <int name="campaign.complete.level.11.dif.0.map1" value="1" />
    <int name="hero.minatounlock" value="1" />
    <int name="hero.obitounlock" value="1" />
    <int name="Screenmanager%20Fullscreen%20mode" value="-1" />
    <int name="hero.minato.rankuped" value="2" />
    <int name="campaign.star.level.7.dif.0.map0.st2" value="1" />
    <int name="SelectLevelView" value="1" />
    <int name="campaign.star.level.7.dif.0.map0.st1" value="1" />
    <int name="hero.sakura.rankuped" value="2" />
    <int name="SelectMapView" value="2" />
</map>
