<root><language_id value="en" /><isFinishGameUniq value="no" /><first_launch value="no" /><sound_enabled value="yes" /><sound_volume value="1.00" /><music_enabled value="yes" /><music_volume value="0.30" /><ab_test_UseMaxUpgrade value="0" /><ab_test_CooldownRate value="0" /><ab_test_ScoreGearRate value="0" /><ab_test_RemoveSurvival value="0" /><ab_test_HideFakeCards value="0" /><abtestreal value="{&quot;HideFakeCards&quot;:&quot;yes&quot;,&quot;CooldownRate&quot;:&quot;0.5&quot;}" /><CardsController_loadDefaultDecks_ignore value="yes" /><ach_change_deck_hangar_0 value="yes" /><cards_collection value="ability_bear|no,ability_blessing|no,ability_dog|no,ability_eagle|no,ability_fist|no|1.00x1.00,ability_spirit|no,ability_thorns|no,hero_berserker|no,hero_dragon|no,hero_gregory|no,hero_ironhand|yes|1.00x1.00|2.00x1.00,hero_valkiriya|no,tower_barracks|yes|1.00x1.00,tower_pot|no,tower_rock|yes|1.00x1.00,tower_soundgun|no,tower_spearman|yes|1.00x3.00|2.00x1.00" /><default_battle_deck_setted value="yes" /><build_tower value="yes" /><hangar_gun_1 value="no" /><loading_level_group_0_count value="2" /><bonusitemdefaultgetted value="no" /><scores_1 value="999999999," /><ScoreCounter_obtained_start_score value="yes" /><scores_9 value="0" /><ScoreCounter_obtained_start_autoplay value="yes" /><TutorialManager_checkenabled_v20 value="yes" /><TutorialManager_forceenabled value="yes" /><tutor_enabled value="yes" /><league_blessed_card value="hero_ironhand" /><task_1 value="finish_life_stars_5_task" /><task_2 value="kill_creep_any_tower_spearman__150_task" /><task_3 value="other_respawn_hero_10_task" /><tutoriallevel_hand value="2" /><tutoriallevel1_3_5 value="2" /><tutoriallevel1_3_6 value="2" /><tutoriallevel1_3_7 value="2" /><scores_4 value="59" /><scores_30 value="58" /><score_timer value="27-12-5-341" /><gametime value="74" /><kill_creep_any_tower_spearman__150_task value="7" /><finish_life_stars_5_progress value="1" /><level_passed value="1" /><level_0complite_ value="complite_yes" /><level_0scores_ value="9999" /><scores_5 value="3" /><level_successfull0 value="yes" /><level_star3normal0 value="yes" /><level_3star0 value="yes" /><starCount value="3" /><lastgameresult value="2" /><gamewincounter value="1" /><GameBoard_event_levelFinished_flurry0_mode_1 value="yes" /><level_replay0 value="1" /><levels_play_count value="1" /><levelreward_obtained0_1_0 value="yes" /><levelreward_obtained0_1_1 value="yes" /><new_cards value="ability_fist,hero_ironhand," /><new_hangar_cards value="" /><levelreward_obtained0_1_2 value="yes" /><firebase_event_level_finish_sended value="yes" /><map_level_0_pathshowed value="1" /><map_level_1_pathshowed value="1" /><SPECIAL_OFFER_START_TIME value="1638958332" /><SPECIAL_OFFER_IS_AVAILABLE value="yes" /><unlock_cardupgrader value="yes" /><cards_to_upgrade value="" /><ach_hero_ironhand2 value="yes" /><cards_to_upgrade1 value="" /><cards_to_upgrade2 value="" /><cards_to_upgrade3 value="" /><tutorialupgradecards_1 value="2" /><tutorialupgradecards_2 value="2" /><tutorialupgradecards_3 value="2" /><tutorialupgradecards_4 value="2" /><tutorialupgradecards_5 value="2" /><tutorialupgradecards_6 value="2" /><tutorialupgradecards_7 value="2" /><other_respawn_hero_10_task_timer value="1638958346" /><other_respawn_hero_10_progress value="1" /><daily_reward_start_time value="1638958348" /><daily_reward_reset_time value="1639044748" /><daily_reward_level value="2" /></root>