<?xml version='1.0' encoding='utf-8' standalone='yes' ?>
<map>
    <int name="RatePopupShown" value="1" />
    <int name="Screenmanager%20Resolution%20Height" value="2178" />
    <string name="unity.player_sessionid">1419360074319936071</string>
    <int name="Gems" value="999999999" />
    <int name="Coins" value="999999999" />
    <int name="isFirstLoad" value="1" />
    <int name="Screenmanager%20Resolution%20Width" value="1080" />
    <int name="LastSkin" value="17" />
    <int name="Points" value="5" />
    <int name="Best" value="7" />
    <int name="CoinsMultiplier" value="4" />
    <int name="FreeLootbox" value="0" />
    <int name="firstSession" value="1" />
    <int name="FirstRandom" value="1" />
    <string name="unity.player_session_count">5</string>
    <string name="LootMissions">%7B%22missionType%22%3A6%2C%22targetValue%22%3A3%2C%22collectedValue%22%3A0%2C%22reward%22%3A0%2C%22description%22%3A%22COMPLETE%20MISSIONS%5CnTO%20GET%20REWARD%22%2C%22completed%22%3Afalse%2C%22claimed%22%3Afalse%7D</string>
    <int name="FreeGemsShowed" value="2" />
    <int name="__UNITY_PLAYERPREFS_VERSION__" value="1" />
    <string name="Missions">%5B%7B%22missionType%22%3A1%2C%22targetValue%22%3A5%2C%22collectedValue%22%3A4%2C%22reward%22%3A20%2C%22description%22%3A%22WIN%205%20RUNS!%22%2C%22completed%22%3Afalse%2C%22claimed%22%3Afalse%7D%2C%7B%22missionType%22%3A5%2C%22targetValue%22%3A20%2C%22collectedValue%22%3A20%2C%22reward%22%3A40%2C%22description%22%3A%22OUTRUN%2020%20OPPONENTS!%22%2C%22completed%22%3Atrue%2C%22claimed%22%3Afalse%7D%2C%7B%22missionType%22%3A0%2C%22targetValue%22%3A900%2C%22collectedValue%22%3A205%2C%22reward%22%3A80%2C%22description%22%3A%22COLLECT%20900%20COINS!%22%2C%22completed%22%3Afalse%2C%22claimed%22%3Afalse%7D%5D</string>
    <string name="AvaliableSkins">%5B16%2C31%2C29%2C32%2C2%2C12%2C10%2C5%2C7%2C17%5D</string>
    <string name="unity.cloud_userid">9bd2685742dd4fab88b0c5285deca56e</string>
    <int name="Screenmanager%20Fullscreen%20mode" value="-1" />
    <int name="MissionsLootbox" value="0" />
    <int name="LootGems" value="1000000124" />
    <int name="Level" value="5" />
    <int name="Skin" value="17" />
    <string name="DailyMissionsDate">%222021-12-09T00%3A00%3A00-05%3A00%22</string>
</map>
