<?xml version='1.0' encoding='utf-8' standalone='yes' ?>
<map>
    <string name="unity.player_sessionid">6168940870885932935</string>
    <int name="Car12Loaded" value="1" />
    <int name="Car02Loaded" value="1" />
    <int name="IsVIPPopupShown" value="0" />
    <int name="Car22Loaded" value="1" />
    <int name="Screenmanager%20Resolution%20Width" value="1080" />
    <string name="CurrencyKey">999999999</string>
    <int name="PlayCounter" value="5" />
    <int name="Car05Loaded" value="1" />
    <int name="Car15Loaded" value="1" />
    <int name="Car25Loaded" value="1" />
    <int name="AdsConsent" value="1" />
    <int name="Car23Loaded" value="1" />
    <int name="Car03Loaded" value="1" />
    <int name="__UNITY_PLAYERPREFS_VERSION__" value="1" />
    <string name="DailyRewardTimestamp">132829101061340430</string>
    <int name="Car26Loaded" value="1" />
    <int name="AnalyticsConsent" value="1" />
    <int name="Car11Loaded" value="1" />
    <int name="Car06Loaded" value="1" />
    <string name="OffGameTimestamp">132829101896328090</string>
    <int name="Rating.ReviewPopupWaitCount" value="10" />
    <int name="IsNewUser" value="1" />
    <int name="Car09Loaded" value="1" />
    <int name="LastSelectedCarIndex" value="40" />
    <int name="Screenmanager%20Resolution%20Height" value="2178" />
    <int name="Car04Loaded" value="1" />
    <int name="Car14Loaded" value="1" />
    <int name="Car17Loaded" value="1" />
    <int name="Car27Loaded" value="1" />
    <int name="slingdrift.savedScore" value="999999999" />
    <int name="Car08Loaded" value="1" />
    <int name="Car18Loaded" value="1" />
    <int name="GameCountKey" value="2" />
    <int name="Car10Loaded" value="1" />
    <int name="Car20Loaded" value="1" />
    <string name="unity.player_session_count">3</string>
    <int name="Car13Loaded" value="1" />
    <string name="unity.cloud_userid">6c9408de23da36d1ba928eb48206bbbe</string>
    <int name="Screenmanager%20Fullscreen%20mode" value="-1" />
    <int name="Car01Loaded" value="1" />
    <int name="Car07Loaded" value="1" />
    <int name="Car16Loaded" value="1" />
    <int name="ClaimedDay" value="1" />
    <int name="TutorialShown" value="1" />
    <int name="Rating.WaitCount" value="2" />
    <int name="Car21Loaded" value="1" />
    <int name="Car24Loaded" value="1" />
    <int name="Car19Loaded" value="1" />
</map>
