<?xml version='1.0' encoding='utf-8' standalone='yes' ?>
<map>
    <int name="store_ball_Strawberry" value="1" />
    <int name="store_ball_Star" value="1" />
    <int name="store_ball_Peach" value="1" />
    <int name="store_more_stars_calls" value="1" />
    <int name="store_ball_Diamond" value="1" />
    <int name="store_ball_Emoji_Triste" value="1" />
    <int name="vibracion" value="1" />
    <int name="store_ball_Planeta_Saturno" value="1" />
    <int name="store_ball_KiwiHalf" value="1" />
    <int name="store_ball_Emoji_Enamorado" value="1" />
    <int name="store_ball_Planeta_Urano" value="1" />
    <int name="store_ball_Planeta_Luna" value="1" />
    <int name="store_ball_Planeta_Sol" value="1" />
    <int name="store_ball_Planeta_Neptuno" value="1" />
    <int name="store_ball_Emoji_Durmiendo" value="1" />
    <int name="Screenmanager%20Resolution%20Width" value="720" />
    <int name="store_ball_Sphere" value="1" />
    <int name="store_ball_Heart" value="1" />
    <int name="store_ball_Core" value="1" />
    <int name="store_ball_Emoji_Riendo" value="1" />
    <int name="Screenmanager%20Resolution%20Height" value="1280" />
    <string name="selected_ball">Emoji_Triste</string>
    <int name="store_ball_Orange" value="1" />
    <int name="__UNITY_PLAYERPREFS_VERSION__" value="1" />
    <string name="unity.player_sessionid">2734286162947527547</string>
    <int name="store_ball_Stack" value="1" />
    <string name="unity.cloud_userid">74df121f76cd15f058352c0e8988e24c</string>
    <int name="store_ball_Chest" value="1" />
    <int name="store_ball_Planeta_Venus" value="1" />
    <string name="unity.player_session_count">3</string>
    <int name="store_ball_Basketball" value="1" />
    <int name="store_ball_Planeta_Marte" value="1" />
    <int name="store_ball_AvocadoHalf" value="1" />
    <int name="store_ball_Planeta_Tierra" value="1" />
    <int name="store_ball_Emoji_Enojado" value="1" />
    <int name="store_ball_Emoji_Sonriendo" value="1" />
    <int name="store_ball_TennisBall" value="1" />
    <int name="Screenmanager%20Fullscreen%20mode" value="-1" />
    <int name="store_ball_Lemon" value="1" />
    <int name="store_ball_Banana" value="1" />
    <int name="store_ball_Capsule" value="1" />
    <int name="store_ball_Dice" value="1" />
    <int name="store_ball_CoolSphere" value="1" />
    <int name="store_ball_Emoji_Anteojos" value="1" />
    <int name="store_ball_Football" value="1" />
    <int name="store_ball_Pear" value="1" />
    <int name="store_ball_Planeta_Jupiter" value="1" />
    <int name="store_ball_GratedSphere" value="1" />
    <int name="store_ball_Apple" value="1" />
    <int name="store_ball_Emoji_Estrellas" value="1" />
    <int name="store_ball_Asterisk" value="1" />
    <int name="store_ball_Potion" value="1" />
    <int name="store_ball_Cube" value="1" />
    <int name="store_ball_Weird" value="1" />
    <int name="store_ball_Emoji_Pensando" value="1" />
</map>
