{"saveVersion":"1.0.1","showedRateUs":true,"money":999760999,"levelMoney":0,"tokens":999999927,"currentXp":993,"currentRank":0,"currentLevel":101,"currentCheckpoint":0,"overallCheckpoint":0,"completedChestGames":2,"healthUpgrades":0,"damageUpgrades":0,"luckUpgrades":0,"currentMissions":[0,0,0,-1,-1,-1,-1,-1,-1,-1,-1,-1,-1,-1,-1],"missions":[{"key":"barrels","completedAt":"","progress":4,"totalProgress":4,"confirmedProgress":0,"activated":false},{"key":"boss","completedAt":"","progress":0,"totalProgress":0,"confirmedProgress":0,"activated":false},{"key":"coins","completedAt":"","progress":871,"totalProgress":871,"confirmedProgress":0,"activated":false},{"key":"headshots","completedAt":"","progress":12,"totalProgress":12,"confirmedProgress":7,"activated":true},{"key":"helicopters","completedAt":"","progress":0,"totalProgress":0,"confirmedProgress":0,"activated":false},{"key":"kills","completedAt":"","progress":39,"totalProgress":39,"confirmedProgress":27,"activated":true},{"key":"levels","completedAt":"-8585637369006900438","progress":7,"totalProgress":7,"confirmedProgress":6,"activated":true},{"key":"lootboxes","completedAt":"","progress":4,"totalProgress":4,"confirmedProgress":0,"activated":false},{"key":"melee","completedAt":"","progress":18,"totalProgress":18,"confirmedProgress":0,"activated":false},{"key":"ranged","completedAt":"","progress":16,"totalProgress":16,"confirmedProgress":0,"activated":false},{"key":"shielded","completedAt":"","progress":4,"totalProgress":4,"confirmedProgress":0,"activated":false},{"key":"turrets","completedAt":"","progress":1,"totalProgress":1,"confirmedProgress":0,"activated":false},{"key":"windows","completedAt":"","progress":10,"totalProgress":10,"confirmedProgress":0,"activated":false},{"key":"ziplines","completedAt":"","progress":5,"totalProgress":5,"confirmedProgress":0,"activated":false}],"activeMissions":[{"key":"levels","tier":0},{"key":"headshots","tier":1},{"key":"kills","tier":2}]}