{"saveVersion":"1.0.1","unlockedSkins":["PlayerSecurity","PlayerCorgiSkin","PlayerCyberDude","PlayerCyberGirl","PlayerFakeEliize"],"unlockedGear":["Crowbar","BasicGun","AK","BlackSteelPan01","Crossbow","LaserGun","Harpoon","UMP","ModernShotGun","Bazooka","MoneyGun","Baguette01","PipeWrench01","BaseballBat01","Guitar01","Axe01","ElectricGuitar01","CyberSword","MagicHammer01","Techsword","LightSword01","ToyHammer01","ElectricSaw01"],"skippedLootBoxGear":["MagicHammer01"],"skippedMysteryBoxRewards":[],"currentPlayerSkin":"PlayerCyberDude","currentPlayerMeleeWeapon":"LightSword01","currentPlayerRangedWeapon":"LaserGun","unlockedUserPanelOffer":{"i":"","p":""},"unlockedUserPanelOfferTriesLeft":0,"reviveWeaponOfferIndex":0}