<?xml version='1.0' encoding='utf-8' standalone='yes' ?>
<map>
    <string name="wadaexhaustallunlocked">0</string>
    <string name="hydraecuallunlocked">0</string>
    <string name="intenziahandbrake">0</string>
    <string name="CAR_CUSTOMIZATION_KEYcar_vampire_svxWindowTint">0</string>
    <string name="vampirelubricants">0</string>
    <string name="tensiogtxtransmission">0</string>
    <string name="hydraecu">0</string>
    <string name="DM2_UNLOCK_STUFFWeightReduction_Stage1">0b54d0a12cd1c1f85e8e2945e244dd1f</string>
    <string name="intenziatransmission">0</string>
    <string name="intenziasuspension">0</string>
    <string name="radia_helixweightreductionallunlocked">0</string>
    <string name="UNCLOK_Window_Gold">1981</string>
    <int name="Screenmanager%20Is%20Fullscreen%20mode" value="0" />
    <string name="tomahawk69handbrakeallunlocked">0</string>
    <string name="vulturesuspension">0</string>
    <string name="vampireclutchallunlocked">0</string>
    <string name="UNCLOK_Window_Blue">1981</string>
    <string name="CAR_CUSTOMIZATION_KEYcar_vampire_svxBodyKit">3</string>
    <string name="GAME_SETTINGSlanguage">25</string>
    <string name="GAME_SETTINGSunit_type">0</string>
    <string name="UNCLOK_Car05_Default">1981</string>
    <string name="CAR_CUSTOMIZATION_KEYcar_stinger_gtsWindowTint">0</string>
    <string name="elixam12handbrake">0</string>
    <string name="rohrclutchallunlocked">0</string>
    <string name="rohrlubricantsallunlocked">0</string>
    <string name="wadaexhaust">0</string>
    <string name="CAR_CUSTOMIZATION_KEYcar_intenza_gsWheel">12</string>
    <string name="mizuchiairfilter">0</string>
    <string name="DM2_UNLOCK_STUFFCar05_Default">0b54d0a12cd1c1f85e8e2945e244dd1f</string>
    <string name="vampiretiresallunlocked">0</string>
    <string name="car_wada_r2acceleeration">0.5</string>
    <string name="PLAYER_UNLIMITED_CASH">1</string>
    <string name="vultureclutch">0</string>
    <string name="hydrahandbrakeallunlocked">0</string>
    <string name="tomahawk69suspensionallunlocked">0</string>
    <string name="UNCLOK_Window_Silver">1981</string>
    <int name="Screenmanager%20Resolution%20Height" value="1080" />
    <string name="CAR_CUSTOMIZATION_KEYcar_elixa_m12BodyKit">0</string>
    <string name="radia_helixhandbrakeallunlocked">0</string>
    <string name="elixam12clutchallunlocked">0</string>
    <string name="tensiogtxexhaust">0</string>
    <string name="hydraairfilter">0</string>
    <string name="vampireairfilter">0</string>
    <string name="DM2_UNLOCK_STUFFWindow_Silver">0b54d0a12cd1c1f85e8e2945e244dd1f</string>
    <string name="mizuchiflywheel">0</string>
    <string name="tomahawk600gtweightreduction">0</string>
    <string name="stingerexhaustallunlocked">0</string>
    <string name="CAR_CUSTOMIZATION_KEYcar_vampire_svxSpoilerKit">3</string>
    <string name="car_intenza_gssuspension_adjustment">0.5</string>
    <string name="DM2_UNLOCK_STUFFCar02_Default">0b54d0a12cd1c1f85e8e2945e244dd1f</string>
    <string name="intenziaexhaustallunlocked">0</string>
    <string name="elixam12transmissionallunlocked">0</string>
    <string name="intenziasuspensionallunlocked">0</string>
    <string name="CAR_CUSTOMIZATION_KEYcar_tensio_gtxWindowTint">0</string>
    <string name="rohrtransmission">0</string>
    <string name="wadasuspension">0</string>
    <string name="CAR_COLOR_KEYcar_intenza_gs">0</string>
    <string name="tomahawk69transmission">0</string>
    <string name="tensiogtxflywheel">0</string>
    <string name="vulturesuspensionallunlocked">0</string>
    <string name="vulturehandbrake">0</string>
    <string name="UNCLOK_Car02_Default">1981</string>
    <string name="UNCLOK_AirFilter_Stage1">1981</string>
    <string name="rohrsuspension">0</string>
    <string name="elixam12weightreduction">0</string>
    <string name="UNCLOK_Car09_Spoiler_Default">1981</string>
    <string name="CAR_COLOR_KEYcar_tomahawk_69">0</string>
    <string name="wadaecuallunlocked">0</string>
    <string name="DM2_UNLOCK_STUFFWindow_Gold">0b54d0a12cd1c1f85e8e2945e244dd1f</string>
    <string name="CAR_CUSTOMIZATION_KEYcar_tensio_gtxSpoilerKit">0</string>
    <string name="DM2_UNLOCK_STUFFWheel26">0b54d0a12cd1c1f85e8e2945e244dd1f</string>
    <string name="DM2_UNLOCK_STUFFWheel27">0b54d0a12cd1c1f85e8e2945e244dd1f</string>
    <string name="radia_helixexhaust">0</string>
    <string name="DM2_UNLOCK_STUFFWheel28">0b54d0a12cd1c1f85e8e2945e244dd1f</string>
    <string name="DM2_UNLOCK_STUFFWheel29">0b54d0a12cd1c1f85e8e2945e244dd1f</string>
    <string name="hydraexhaustallunlocked">0</string>
    <int name="INITIAL_DATEYEAR" value="2021" />
    <string name="mizuchiweightreduction">0</string>
    <string name="tomahawk69tires">0</string>
    <string name="DM2_UNLOCK_STUFFWindow_Green">0b54d0a12cd1c1f85e8e2945e244dd1f</string>
    <string name="iAD_ID_MAJOR_MINOR">4a77b40c48271ee7fdfcdcb557c41f70</string>
    <string name="rohrtransmissionallunlocked">0</string>
    <string name="intenziaweightreduction">0</string>
    <string name="CAR_CUSTOMIZATION_KEYcar_stinger_gtsSpoilerKit">0</string>
    <string name="DM2_UNLOCK_STUFFWheel22">0b54d0a12cd1c1f85e8e2945e244dd1f</string>
    <string name="radia_helixsuspension">0</string>
    <string name="DM2_UNLOCK_STUFFWheel23">0b54d0a12cd1c1f85e8e2945e244dd1f</string>
    <string name="DM2_UNLOCK_STUFFWheel24">0b54d0a12cd1c1f85e8e2945e244dd1f</string>
    <string name="vultureexhaust">0</string>
    <string name="DM2_UNLOCK_STUFFWheel25">0b54d0a12cd1c1f85e8e2945e244dd1f</string>
    <string name="vampireengineoil">0</string>
    <string name="DM2_UNLOCK_STUFFWheel21">0b54d0a12cd1c1f85e8e2945e244dd1f</string>
    <string name="tomahawk600gtengineoil">0</string>
    <string name="radia_helixflywheel">0</string>
    <string name="hydraengineoilallunlocked">0</string>
    <string name="stingertransmission">0</string>
    <string name="DM2_UNLOCK_STUFFWheel37">0b54d0a12cd1c1f85e8e2945e244dd1f</string>
    <string name="vampireweightreduction">0</string>
    <string name="DM2_UNLOCK_STUFFWheel38">0b54d0a12cd1c1f85e8e2945e244dd1f</string>
    <string name="DM2_UNLOCK_STUFFWheel39">0b54d0a12cd1c1f85e8e2945e244dd1f</string>
    <string name="UNCLOK_WeightReduction_Stage1">1981</string>
    <string name="vulturelubricants">0</string>
    <string name="tomahawk600gtecuallunlocked">0</string>
    <string name="elixam12clutch">0</string>
    <string name="GAME_SETTINGSdifficulty">1</string>
    <string name="mizuchitires">0</string>
    <int name="__UNITY_PLAYERPREFS_VERSION__" value="1" />
    <string name="hydratires">0</string>
    <string name="vultureairfilter">0</string>
    <string name="UNCLOK_Car12_Spoiler_Default">1981</string>
    <string name="vampireecuallunlocked">0</string>
    <string name="hydratiresallunlocked">0</string>
    <string name="vampiresuspension">0</string>
    <string name="DM2_UNLOCK_STUFFWheel33">0b54d0a12cd1c1f85e8e2945e244dd1f</string>
    <string name="car_stinger_gtsacceleeration">0.5</string>
    <string name="DM2_UNLOCK_STUFFWheel34">0b54d0a12cd1c1f85e8e2945e244dd1f</string>
    <string name="intenziaflywheelallunlocked">0</string>
    <string name="DM2_UNLOCK_STUFFWheel35">0b54d0a12cd1c1f85e8e2945e244dd1f</string>
    <string name="DM2_UNLOCK_STUFFWheel36">0b54d0a12cd1c1f85e8e2945e244dd1f</string>
    <string name="DM2_UNLOCK_STUFFWindow_Blue">0b54d0a12cd1c1f85e8e2945e244dd1f</string>
    <string name="UNCLOK_Car06_Spoiler_Default">1981</string>
    <string name="tensiogtxclutch">0</string>
    <string name="DM2_UNLOCK_STUFFWheel30">0b54d0a12cd1c1f85e8e2945e244dd1f</string>
    <string name="UNCLOK_Car03_Spoiler_Default">1981</string>
    <string name="DM2_UNLOCK_STUFFWheel31">0b54d0a12cd1c1f85e8e2945e244dd1f</string>
    <string name="intenziaflywheel">0</string>
    <string name="DM2_UNLOCK_STUFFWheel32">0b54d0a12cd1c1f85e8e2945e244dd1f</string>
    <string name="vampireclutch">0</string>
    <string name="vampiretransmissionallunlocked">0</string>
    <string name="GAME_SETTINGSuse_own_music">0</string>
    <string name="DM2_UNLOCK_STUFFExhaust_Stage1">0b54d0a12cd1c1f85e8e2945e244dd1f</string>
    <string name="DM2_UNLOCK_STUFFTransmission_Stage1">0b54d0a12cd1c1f85e8e2945e244dd1f</string>
    <string name="UNCLOK_Tires_Stage1">1981</string>
    <string name="rohrlubricants">0</string>
    <string name="CAR_CUSTOMIZATION_KEYcar_tomahawk_69BodyKit">0</string>
    <string name="DM2_UNLOCK_STUFFCar12_Spoiler_Stage1">0b54d0a12cd1c1f85e8e2945e244dd1f</string>
    <string name="tomahawk600gttransmission">0</string>
    <string name="radia_helixsuspensionallunlocked">0</string>
    <string name="DM2_UNLOCK_STUFFCar12_Spoiler_Stage2">0b54d0a12cd1c1f85e8e2945e244dd1f</string>
    <string name="CAR_CUSTOMIZATION_KEYcar_rohr_turboWindowTint">0</string>
    <string name="DM2_UNLOCK_STUFFCar12_Spoiler_Stage3">0b54d0a12cd1c1f85e8e2945e244dd1f</string>
    <string name="rohrairfilter">0</string>
    <string name="tomahawk69airfilter">0</string>
    <string name="stingertiresallunlocked">0</string>
    <string name="tomahawk69flywheelallunlocked">0</string>
    <string name="DM2_UNLOCK_STUFFWheel44">0b54d0a12cd1c1f85e8e2945e244dd1f</string>
    <string name="stingerecuallunlocked">0</string>
    <string name="DM2_UNLOCK_STUFFWheel45">0b54d0a12cd1c1f85e8e2945e244dd1f</string>
    <string name="DM2_UNLOCK_STUFFWheel46">0b54d0a12cd1c1f85e8e2945e244dd1f</string>
    <string name="DM2_UNLOCK_STUFFWheel47">0b54d0a12cd1c1f85e8e2945e244dd1f</string>
    <string name="stingerhandbrakeallunlocked">0</string>
    <string name="radia_helixairfilter">0</string>
    <string name="DM2_UNLOCK_STUFFWheel40">0b54d0a12cd1c1f85e8e2945e244dd1f</string>
    <string name="DM2_UNLOCK_STUFFWheel41">0b54d0a12cd1c1f85e8e2945e244dd1f</string>
    <string name="DM2_UNLOCK_STUFFWheel42">0b54d0a12cd1c1f85e8e2945e244dd1f</string>
    <string name="HK_PTS_STUFF">ea4ddc97423aa4f12a9e8dbea738c227</string>
    <string name="DM2_UNLOCK_STUFFWheel43">0b54d0a12cd1c1f85e8e2945e244dd1f</string>
    <string name="hydraflywheelallunlocked">0</string>
    <string name="wadaclutch">0</string>
    <string name="hydralubricantsallunlocked">0</string>
    <string name="elixam12flywheelallunlocked">0</string>
    <string name="tomahawk600gtlubricantsallunlocked">0</string>
    <string name="tensiogtxsuspensionallunlocked">0</string>
    <string name="vampirelubricantsallunlocked">0</string>
    <string name="stingerweightreduction">0</string>
    <string name="mizuchitransmission">0</string>
    <string name="elixam12engineoil">0</string>
    <string name="KEY_LOADING_INDEX">3</string>
    <string name="mizuchihandbrake">0</string>
    <string name="intenziaengineoil">0</string>
    <string name="intenziatires">0</string>
    <string name="elixam12airfilterallunlocked">0</string>
    <string name="wadatransmissionallunlocked">0</string>
    <string name="DM2_UNLOCK_STUFFTrack01">0b54d0a12cd1c1f85e8e2945e244dd1f</string>
    <string name="unity.player_sessionid">4679725115451226418</string>
    <string name="DM2_UNLOCK_STUFFCar12_Stage3">0b54d0a12cd1c1f85e8e2945e244dd1f</string>
    <string name="UNCLOK_EngineOil_Stage1">1981</string>
    <string name="tomahawk600gtairfilterallunlocked">0</string>
    <string name="UNCLOK_ECU_Stage1">1981</string>
    <string name="mizuchilubricants">0</string>
    <string name="tensiogtxtires">0</string>
    <string name="PLAYER_Track_Index">0</string>
    <string name="DM2_UNLOCK_STUFFCar12_Spoiler_Default">0b54d0a12cd1c1f85e8e2945e244dd1f</string>
    <string name="UNCLOK_Car09_Default">1981</string>
    <string name="tomahawk600gtexhaustallunlocked">0</string>
    <string name="tomahawk69clutchallunlocked">0</string>
    <string name="DM2_UNLOCK_STUFFCar09_Default">0b54d0a12cd1c1f85e8e2945e244dd1f</string>
    <string name="radia_helixlubricants">0</string>
    <string name="radia_helixlubricantsallunlocked">0</string>
    <string name="car_elixa_m12acceleeration">0.5</string>
    <string name="stingerengineoilallunlocked">0</string>
    <string name="mizuchitransmissionallunlocked">0</string>
    <string name="CAR_CUSTOMIZATION_KEYcar_tomahawk_600gtWheel">10</string>
    <string name="rohrhandbrakeallunlocked">0</string>
    <string name="stingerweightreductionallunlocked">0</string>
    <string name="radia_helixairfilterallunlocked">0</string>
    <string name="CAR_CUSTOMIZATION_KEYcar_intenza_gsBodyKit">0</string>
    <string name="intenziaecuallunlocked">0</string>
    <string name="DM2_UNLOCK_STUFFWheel08">0b54d0a12cd1c1f85e8e2945e244dd1f</string>
    <string name="DM2_UNLOCK_STUFFWheel09">0b54d0a12cd1c1f85e8e2945e244dd1f</string>
    <string name="DM2_UNLOCK_STUFFWindow_Bronze">0b54d0a12cd1c1f85e8e2945e244dd1f</string>
    <string name="DM2_UNLOCK_STUFFWheel04">0b54d0a12cd1c1f85e8e2945e244dd1f</string>
    <string name="tomahawk600gtengineoilallunlocked">0</string>
    <string name="DM2_UNLOCK_STUFFWheel05">0b54d0a12cd1c1f85e8e2945e244dd1f</string>
    <string name="DM2_UNLOCK_STUFFWheel06">0b54d0a12cd1c1f85e8e2945e244dd1f</string>
    <string name="wadaengineoil">0</string>
    <string name="DM2_UNLOCK_STUFFWheel07">0b54d0a12cd1c1f85e8e2945e244dd1f</string>
    <string name="DM2_UNLOCK_STUFFCar10_Default">0b54d0a12cd1c1f85e8e2945e244dd1f</string>
    <string name="hydraexhaust">0</string>
    <string name="tomahawk69ecuallunlocked">0</string>
    <string name="CAR_CUSTOMIZATION_KEYcar_tomahawk_600gtBodyKit">0</string>
    <string name="stingerclutch">0</string>
    <string name="wadasuspensionallunlocked">0</string>
    <string name="hydraclutchallunlocked">0</string>
    <string name="PLAYER_QUAD_GEN">0</string>
    <string name="rohrflywheelallunlocked">0</string>
    <string name="CAR_CUSTOMIZATION_KEYcar_tomahawk_600gtWindowTint">0</string>
    <string name="DM2_UNLOCK_STUFFCar09_Spoiler_Default">0b54d0a12cd1c1f85e8e2945e244dd1f</string>
    <string name="UNCLOK_Flywheel_Stage1">1981</string>
    <string name="wadaclutchallunlocked">0</string>
    <string name="tensiogtxengineoil">0</string>
    <string name="UNCLOK_Car10_Default">1981</string>
    <string name="stingerecu">0</string>
    <string name="DM2_UNLOCK_STUFFWheel01">0b54d0a12cd1c1f85e8e2945e244dd1f</string>
    <string name="DM2_UNLOCK_STUFFWheel02">0b54d0a12cd1c1f85e8e2945e244dd1f</string>
    <string name="DM2_UNLOCK_STUFFWheel03">0b54d0a12cd1c1f85e8e2945e244dd1f</string>
    <string name="hydraairfilterallunlocked">0</string>
    <string name="DM2_UNLOCK_STUFFCar03_Spoiler_Default">0b54d0a12cd1c1f85e8e2945e244dd1f</string>
    <string name="DM2_UNLOCK_STUFFCar06_Spoiler_Default">0b54d0a12cd1c1f85e8e2945e244dd1f</string>
    <string name="DM2_UNLOCK_STUFFWheel19">0b54d0a12cd1c1f85e8e2945e244dd1f</string>
    <string name="RRUUID">4a77b40c48271ee7fdfcdcb557c41f70</string>
    <string name="PrevScene">select_course</string>
    <string name="stingersuspensionallunlocked">0</string>
    <string name="DM2_UNLOCK_STUFFWheel15">0b54d0a12cd1c1f85e8e2945e244dd1f</string>
    <string name="DM2_UNLOCK_STUFFWheel16">0b54d0a12cd1c1f85e8e2945e244dd1f</string>
    <string name="tomahawk69exhaust">0</string>
    <string name="DM2_UNLOCK_STUFFWheel17">0b54d0a12cd1c1f85e8e2945e244dd1f</string>
    <string name="DM2_UNLOCK_STUFFTrack13">0b54d0a12cd1c1f85e8e2945e244dd1f</string>
    <string name="DM2_UNLOCK_STUFFWheel18">0b54d0a12cd1c1f85e8e2945e244dd1f</string>
    <string name="rohrflywheel">0</string>
    <string name="radia_helixengineoilallunlocked">0</string>
    <string name="GAME_SETTINGSshow_tutorial">1</string>
    <string name="tomahawk600gthandbrake">0</string>
    <string name="mizuchisuspension">0</string>
    <string name="DM2_UNLOCK_STUFFWheel11">0b54d0a12cd1c1f85e8e2945e244dd1f</string>
    <string name="UNCLOK_Window_Pink">1981</string>
    <string name="DM2_UNLOCK_STUFFWheel12">0b54d0a12cd1c1f85e8e2945e244dd1f</string>
    <string name="DM2_UNLOCK_STUFFWheel13">0b54d0a12cd1c1f85e8e2945e244dd1f</string>
    <string name="stingerclutchallunlocked">0</string>
    <string name="DM2_UNLOCK_STUFFWheel14">0b54d0a12cd1c1f85e8e2945e244dd1f</string>
    <string name="mizuchiweightreductionallunlocked">0</string>
    <string name="UNCLOK_Window_Bronze">1981</string>
    <string name="DM2_UNLOCK_STUFFWheel10">0b54d0a12cd1c1f85e8e2945e244dd1f</string>
    <string name="PLAYER_UNLOCK_ALL_TRACKS">0</string>
    <string name="elixam12flywheel">0</string>
    <string name="intenziatransmissionallunlocked">0</string>
    <string name="tensiogtxtransmissionallunlocked">0</string>
    <string name="vampireflywheelallunlocked">0</string>
    <string name="tomahawk69engineoilallunlocked">0</string>
    <string name="CAR_CUSTOMIZATION_KEYcar_tensio_gtxWheel">6</string>
    <string name="tomahawk69weightreductionallunlocked">0</string>
    <string name="hydraflywheel">0</string>
    <string name="intenzialubricants">0</string>
    <string name="CAR_CUSTOMIZATION_KEYcar_intenza_gsWindowTint">0</string>
    <string name="mizuchiflywheelallunlocked">0</string>
    <string name="radia_helixengineoil">0</string>
    <string name="UNCLOK_Clutch_Stage1">1981</string>
    <string name="radia_helixtires">0</string>
    <string name="tomahawk600gtclutchallunlocked">0</string>
    <string name="CAR_COLOR_KEYcar_radia_helix">0</string>
    <string name="stingerlubricantsallunlocked">0</string>
    <string name="rohrtires">0</string>
    <string name="CAR_COLOR_KEYcar_mizuchi_srz">0</string>
    <string name="vultureecuallunlocked">0</string>
    <string name="DM2_UNLOCK_STUFFECU_Stage1">0b54d0a12cd1c1f85e8e2945e244dd1f</string>
    <string name="UNCLOK_Car03_Default">1981</string>
    <string name="vampiresuspensionallunlocked">0</string>
    <string name="PLAYER_CAR_Index">11</string>
    <string name="CAR_CUSTOMIZATION_KEYcar_tomahawk_69Wheel">36</string>
    <string name="elixam12tiresallunlocked">0</string>
    <string name="DM2_UNLOCK_STUFFClutch_Stage1">0b54d0a12cd1c1f85e8e2945e244dd1f</string>
    <string name="mizuchiecu">0</string>
    <string name="DM2_UNLOCK_STUFFWindow_Black">0b54d0a12cd1c1f85e8e2945e244dd1f</string>
    <string name="radia_helixtiresallunlocked">0</string>
    <string name="elixam12suspensionallunlocked">0</string>
    <string name="DM2_UNLOCK_STUFFCar03_Default">0b54d0a12cd1c1f85e8e2945e244dd1f</string>
    <string name="CAR_CUSTOMIZATION_KEYcar_tensio_gtxBodyKit">0</string>
    <string name="tomahawk600gttiresallunlocked">0</string>
    <string name="UNCLOK_Car12_Spoiler_Stage2">1981</string>
    <string name="UNCLOK_Car12_Spoiler_Stage3">1981</string>
    <string name="tomahawk69airfilterallunlocked">0</string>
    <string name="DM2_UNLOCK_STUFFCar08_Default">0b54d0a12cd1c1f85e8e2945e244dd1f</string>
    <string name="UNCLOK_Car12_Spoiler_Stage1">1981</string>
    <string name="vulturetransmission">0</string>
    <int name="INITIAL_DATEMONTH" value="12" />
    <string name="stingerairfilter">0</string>
    <string name="vampireecu">0</string>
    <string name="intenziahandbrakeallunlocked">0</string>
    <string name="elixam12exhaust">0</string>
    <string name="vultureairfilterallunlocked">0</string>
    <string name="CAR_CUSTOMIZATION_KEYcar_wada_r2BodyKit">0</string>
    <string name="tomahawk69engineoil">0</string>
    <string name="UNCLOK_Car08_Default">1981</string>
    <string name="vampireexhaust">0</string>
    <string name="rohrengineoil">0</string>
    <string name="tensiogtxhandbrakeallunlocked">0</string>
    <string name="GAME_SETTINGSshow_upgrade_tip">1</string>
    <string name="CAR_CUSTOMIZATION_KEYcar_hydra_gsrBodyKit">0</string>
    <string name="mizuchiairfilterallunlocked">0</string>
    <string name="tensiogtxtiresallunlocked">0</string>
    <string name="elixam12exhaustallunlocked">0</string>
    <string name="vultureengineoilallunlocked">0</string>
    <string name="CAR_CUSTOMIZATION_KEYcar_elixa_m12WindowTint">0</string>
    <string name="intenziaairfilter">0</string>
    <string name="stingerairfilterallunlocked">0</string>
    <string name="vultureweightreduction">0</string>
    <string name="UNCLOK_Car11_Default">1981</string>
    <string name="UNCLOK_Window_Green">1981</string>
    <string name="rohrexhaust">0</string>
    <string name="vulturetransmissionallunlocked">0</string>
    <string name="wadatiresallunlocked">0</string>
    <string name="UNCLOK_Car13_Spoiler_Default">1981</string>
    <string name="CAR_COLOR_KEYcar_tomahawk_600gt">0</string>
    <string name="UNCLOK_Car10_Spoiler_Default">1981</string>
    <string name="vampiretransmission">0</string>
    <string name="DM2_UNLOCK_STUFFCar11_Default">0b54d0a12cd1c1f85e8e2945e244dd1f</string>
    <string name="DM2_UNLOCK_STUFFFlywheel_Stage1">0b54d0a12cd1c1f85e8e2945e244dd1f</string>
    <string name="CurrentScene">select_vehicle</string>
    <string name="vampirehandbrakeallunlocked">0</string>
    <string name="CAR_CUSTOMIZATION_KEYcar_wada_r2Wheel">14</string>
    <string name="car_mizuchi_srzacceleeration">0.5</string>
    <string name="elixam12tires">0</string>
    <string name="elixam12lubricants">0</string>
    <string name="hydrasuspensionallunlocked">0</string>
    <string name="vampiretires">0</string>
    <string name="KEY_APP_RUN_COUNT_FOR_NAME_INPUT">6</string>
    <string name="mizuchiengineoilallunlocked">0</string>
    <string name="car_tomahawk_69acceleeration">0.5</string>
    <string name="wadalubricantsallunlocked">0</string>
    <string name="tensiogtxlubricantsallunlocked">0</string>
    <string name="intenziaclutch">0</string>
    <string name="tensiogtxecuallunlocked">0</string>
    <string name="SCORE_calgarymedal">0</string>
    <string name="hydraweightreductionallunlocked">0</string>
    <string name="car_radia_helixacceleeration">0.5</string>
    <string name="CAR_CUSTOMIZATION_KEYcar_tomahawk_69SpoilerKit">0</string>
    <string name="car_vampire_svxsuspension_adjustment">0.5</string>
    <string name="UNCLOK_Car01_Spoiler_Default">1981</string>
    <string name="tomahawk600gtlubricants">0</string>
    <string name="wadaengineoilallunlocked">0</string>
    <string name="tomahawk69flywheel">0</string>
    <string name="PLAYER_DOUBLE_GEN">0</string>
    <string name="UNCLOK_Car04_Spoiler_Default">1981</string>
    <string name="UNCLOK_Car07_Spoiler_Default">1981</string>
    <string name="tensiogtxexhaustallunlocked">0</string>
    <string name="intenziaweightreductionallunlocked">0</string>
    <string name="CAR_CUSTOMIZATION_KEYcar_mizuchi_srzBodyKit">0</string>
    <string name="car_vampire_svxsteering_senesitivity">0.2974658</string>
    <string name="wadaairfilter">0</string>
    <string name="CAR_CUSTOMIZATION_KEYcar_mizuchi_srzSpoilerKit">0</string>
    <string name="wadaflywheel">0</string>
    <string name="car_vampire_svxweigth_distribution">0.5</string>
    <string name="CAR_COLOR_KEYcar_wada_r2">0</string>
    <string name="car_hydra_gsracceleeration">0.5</string>
    <string name="mizuchiexhaust">0</string>
    <string name="car_intenza_gsacceleeration">0.5</string>
    <string name="radia_helixclutchallunlocked">0</string>
    <string name="SCORE_calgaryhighscore">0</string>
    <string name="vultureweightreductionallunlocked">0</string>
    <string name="vampireweightreductionallunlocked">0</string>
    <string name="wadaairfilterallunlocked">0</string>
    <string name="tomahawk69lubricantsallunlocked">0</string>
    <string name="hydraclutch">0</string>
    <string name="hydraweightreduction">0</string>
    <string name="tomahawk600gttransmissionallunlocked">0</string>
    <string name="CAR_CUSTOMIZATION_KEYcar_wada_r2SpoilerKit">0</string>
    <string name="rohrtiresallunlocked">0</string>
    <string name="radia_helixecuallunlocked">0</string>
    <string name="PLAYER_UNLOCK_ALL_CARS">0</string>
    <string name="elixam12ecu">0</string>
    <string name="UNCLOK_Transmission_Stage1">1981</string>
    <string name="intenziaairfilterallunlocked">0</string>
    <string name="mizuchihandbrakeallunlocked">0</string>
    <string name="rohrclutch">0</string>
    <string name="DM2_UNLOCK_STUFFCar07_Default">0b54d0a12cd1c1f85e8e2945e244dd1f</string>
    <int name="Screenmanager%20Resolution%20Width" value="2009" />
    <string name="radia_helixclutch">0</string>
    <string name="CAR_COLOR_KEYcar_elixa_m12">0</string>
    <string name="tensiogtxengineoilallunlocked">0</string>
    <string name="radia_helixtransmissionallunlocked">0</string>
    <string name="DM2_UNLOCK_STUFFEngineOil_Stage1">0b54d0a12cd1c1f85e8e2945e244dd1f</string>
    <string name="tensiogtxweightreductionallunlocked">0</string>
    <string name="rohrairfilterallunlocked">0</string>
    <string name="tensiogtxairfilter">0</string>
    <string name="tomahawk69handbrake">0</string>
    <string name="rohrweightreduction">0</string>
    <string name="wadahandbrake">0</string>
    <string name="wadatransmission">0</string>
    <string name="CAR_CUSTOMIZATION_KEYcar_elixa_m12Wheel">33</string>
    <string name="UNCLOK_Car07_Default">1981</string>
    <string name="rohrengineoilallunlocked">0</string>
    <string name="elixam12transmission">0</string>
    <string name="tomahawk600gtecu">0</string>
    <string name="CAR_COLOR_KEYcar_tensio_gtx">0</string>
    <string name="radia_helixexhaustallunlocked">0</string>
    <string name="GAME_SETTINGSmusic_value">0.5</string>
    <string name="vultureflywheelallunlocked">0</string>
    <int name="INITIAL_DATEDAY" value="10" />
    <string name="tomahawk600gtweightreductionallunlocked">0</string>
    <string name="tomahawk600gtflywheelallunlocked">0</string>
    <string name="KEY_APP_RUN_COUNT">6</string>
    <string name="stingerengineoil">0</string>
    <string name="wadaweightreductionallunlocked">0</string>
    <string name="stingersuspension">0</string>
    <string name="mizuchilubricantsallunlocked">0</string>
    <string name="UNCLOK_Exhaust_Stage1">1981</string>
    <string name="stingerflywheel">0</string>
    <string name="UNCLOK_Handbrake_Stage1">1981</string>
    <string name="rohrhandbrake">0</string>
    <string name="vampireairfilterallunlocked">0</string>
    <string name="intenziaclutchallunlocked">0</string>
    <string name="CAR_CUSTOMIZATION_KEYcar_radia_helixWindowTint">0</string>
    <string name="tomahawk600gtsuspension">0</string>
    <string name="intenziaengineoilallunlocked">0</string>
    <string name="hydratransmissionallunlocked">0</string>
    <string name="tomahawk69transmissionallunlocked">0</string>
    <string name="DM2_UNLOCK_STUFFHandbrake_Stage1">0b54d0a12cd1c1f85e8e2945e244dd1f</string>
    <string name="tensiogtxairfilterallunlocked">0</string>
    <string name="GAME_SETTINGSlatest_unlocked_track">-1</string>
    <string name="DM2_UNLOCK_STUFFCar10_Spoiler_Default">0b54d0a12cd1c1f85e8e2945e244dd1f</string>
    <string name="radia_helixhandbrake">0</string>
    <string name="DM2_UNLOCK_STUFFCar13_Spoiler_Default">0b54d0a12cd1c1f85e8e2945e244dd1f</string>
    <string name="unity.player_session_background_time">1639126231338</string>
    <string name="vultureflywheel">0</string>
    <string name="CAR_CUSTOMIZATION_KEYcar_vultureWheel">40</string>
    <string name="rohrsuspensionallunlocked">0</string>
    <string name="wadaweightreduction">0</string>
    <string name="DM2_UNLOCK_STUFFWindow_Aqua">0b54d0a12cd1c1f85e8e2945e244dd1f</string>
    <string name="vulturetiresallunlocked">0</string>
    <string name="CAR_CUSTOMIZATION_KEYcar_hydra_gsrWindowTint">0</string>
    <string name="CAR_CUSTOMIZATION_KEYcar_rohr_turboWheel">15</string>
    <string name="DM2_UNLOCK_STUFFCar07_Spoiler_Default">0b54d0a12cd1c1f85e8e2945e244dd1f</string>
    <string name="vulturehandbrakeallunlocked">0</string>
    <string name="UNCLOK_Car12_Stage3">1981</string>
    <string name="vulturetires">0</string>
    <string name="CAR_CUSTOMIZATION_KEYcar_radia_helixSpoilerKit">0</string>
    <string name="vampireengineoilallunlocked">0</string>
    <string name="UNCLOK_Car04_Default">1981</string>
    <string name="KEY_PROFILE_NAME">YAKOSHI</string>
    <string name="DM2_UNLOCK_STUFFCar04_Spoiler_Default">0b54d0a12cd1c1f85e8e2945e244dd1f</string>
    <string name="DM2_UNLOCK_STUFFCar01_Spoiler_Default">0b54d0a12cd1c1f85e8e2945e244dd1f</string>
    <string name="elixam12lubricantsallunlocked">0</string>
    <string name="vultureecu">0</string>
    <string name="DM2_UNLOCK_STUFFCar04_Default">0b54d0a12cd1c1f85e8e2945e244dd1f</string>
    <string name="tomahawk69exhaustallunlocked">0</string>
    <string name="elixam12engineoilallunlocked">0</string>
    <string name="radia_helixecu">0</string>
    <string name="tomahawk600gtclutch">0</string>
    <string name="CAR_CUSTOMIZATION_KEYcar_rohr_turboBodyKit">0</string>
    <string name="stingerlubricants">0</string>
    <string name="tensiogtxlubricants">0</string>
    <string name="UNCLOK_Wheel28">1981</string>
    <string name="UNCLOK_Wheel29">1981</string>
    <string name="CAR_CUSTOMIZATION_KEYcar_intenza_gsSpoilerKit">0</string>
    <string name="UNCLOK_Wheel37">1981</string>
    <string name="UNCLOK_Wheel38">1981</string>
    <string name="UNCLOK_Wheel35">1981</string>
    <string name="UNCLOK_Wheel36">1981</string>
    <string name="vampireexhaustallunlocked">0</string>
    <string name="UNCLOK_Wheel33">1981</string>
    <string name="UNCLOK_Wheel34">1981</string>
    <string name="UNCLOK_Wheel31">1981</string>
    <string name="UNCLOK_Wheel32">1981</string>
    <string name="hydrahandbrake">0</string>
    <string name="UNCLOK_Wheel30">1981</string>
    <string name="tensiogtxhandbrake">0</string>
    <string name="CAR_CUSTOMIZATION_KEYcar_radia_helixBodyKit">0</string>
    <string name="car_intenza_gsweigth_distribution">0.9158321</string>
    <string name="wadaflywheelallunlocked">0</string>
    <string name="radia_helixtransmission">0</string>
    <string name="CAR_COLOR_KEYcar_vampire_svx">9</string>
    <string name="unity.player_session_elapsed_time">287444</string>
    <string name="CAR_CUSTOMIZATION_KEYcar_hydra_gsrWheel">20</string>
    <string name="DM2_UNLOCK_STUFFCar01_Default">0b54d0a12cd1c1f85e8e2945e244dd1f</string>
    <string name="tomahawk69suspension">0</string>
    <string name="DM2_UNLOCK_STUFFTires_Stage1">0b54d0a12cd1c1f85e8e2945e244dd1f</string>
    <string name="tomahawk600gtexhaust">0</string>
    <string name="intenzialubricantsallunlocked">0</string>
    <string name="tensiogtxclutchallunlocked">0</string>
    <string name="UNCLOK_Wheel19">1981</string>
    <string name="UNCLOK_Wheel17">1981</string>
    <string name="CAR_CUSTOMIZATION_KEYcar_radia_helixWheel">46</string>
    <string name="UNCLOK_Wheel18">1981</string>
    <string name="UNCLOK_Wheel26">1981</string>
    <string name="UNCLOK_Car01_Default">1981</string>
    <string name="UNCLOK_Wheel27">1981</string>
    <string name="vulturelubricantsallunlocked">0</string>
    <string name="car_rohr_turboacceleeration">0.5</string>
    <string name="UNCLOK_Wheel24">1981</string>
    <string name="CAR_COLOR_KEYcar_rohr_turbo">0</string>
    <string name="UNCLOK_Wheel25">1981</string>
    <string name="UNCLOK_Wheel22">1981</string>
    <string name="CAR_CUSTOMIZATION_KEYcar_stinger_gtsWheel">35</string>
    <string name="UNCLOK_Wheel23">1981</string>
    <string name="UNCLOK_Wheel20">0</string>
    <string name="UNCLOK_Wheel21">1981</string>
    <string name="tensiogtxweightreduction">0</string>
    <string name="GAME_SETTINGSsound_fx_value">0.5</string>
    <string name="tomahawk69weightreduction">0</string>
    <string name="CAR_CUSTOMIZATION_KEYcar_wada_r2WindowTint">0</string>
    <string name="CAR_CUSTOMIZATION_KEYcar_hydra_gsrSpoilerKit">0</string>
    <string name="wadahandbrakeallunlocked">0</string>
    <string name="car_tomahawk_600gtacceleeration">0.5</string>
    <string name="wadaecu">0</string>
    <string name="hydraengineoil">0</string>
    <string name="hydratransmission">0</string>
    <string name="CAR_CUSTOMIZATION_KEYcar_vampire_svxWheel">46</string>
    <string name="UNCLOK_Window_Black">1981</string>
    <string name="rohrweightreductionallunlocked">0</string>
    <string name="intenziaexhaust">0</string>
    <string name="intenziaecu">0</string>
    <string name="DM2_UNLOCK_STUFFWindow_Purple">0b54d0a12cd1c1f85e8e2945e244dd1f</string>
    <string name="mizuchiclutchallunlocked">0</string>
    <string name="stingerhandbrake">0</string>
    <string name="UNCLOK_Car06_Default">1981</string>
    <string name="car_vampire_svxacceleeration">0.5</string>
    <string name="CAR_CUSTOMIZATION_KEYcar_tomahawk_69WindowTint">0</string>
    <string name="stingerexhaust">0</string>
    <string name="unity.cloud_userid">b45268a38aa6144c9a62e088fb25938d</string>
    <string name="UNCLOK_Wheel39">1981</string>
    <string name="DM2_UNLOCK_STUFFAirFilter_Stage1">0b54d0a12cd1c1f85e8e2945e244dd1f</string>
    <string name="tomahawk69ecu">0</string>
    <string name="hydralubricants">0</string>
    <string name="DM2_UNLOCK_STUFFCar06_Default">0b54d0a12cd1c1f85e8e2945e244dd1f</string>
    <string name="UNCLOK_Wheel46">1981</string>
    <string name="UNCLOK_Wheel47">1981</string>
    <string name="CAR_CUSTOMIZATION_KEYcar_stinger_gtsBodyKit">0</string>
    <string name="CAR_CUSTOMIZATION_KEYcar_rohr_turboSpoilerKit">0</string>
    <string name="UNCLOK_Wheel44">1981</string>
    <string name="UNCLOK_Wheel45">1981</string>
    <string name="mizuchiclutch">0</string>
    <string name="UNCLOK_Wheel42">1981</string>
    <string name="UNCLOK_Wheel43">1981</string>
    <string name="GAME_SETTINGSapptype">1</string>
    <string name="UNCLOK_Wheel40">1981</string>
    <string name="UNCLOK_Wheel41">1981</string>
    <string name="CAR_COLOR_KEYcar_stinger_gts">0</string>
    <string name="CAR_CUSTOMIZATION_KEYcar_elixa_m12SpoilerKit">0</string>
    <string name="elixam12ecuallunlocked">0</string>
    <string name="tomahawk600gtairfilter">0</string>
    <string name="CAR_CUSTOMIZATION_KEYcar_mizuchi_srzWheel">5</string>
    <string name="wadatires">0</string>
    <string name="stingertransmissionallunlocked">0</string>
    <string name="CAR_CUSTOMIZATION_KEYcar_tomahawk_600gtSpoilerKit">0</string>
    <string name="DM2_UNLOCK_STUFFWindow_Pink">0b54d0a12cd1c1f85e8e2945e244dd1f</string>
    <string name="hydrasuspension">0</string>
    <string name="vampireflywheel">0</string>
    <string name="UNCLOK_Track01">1981</string>
    <string name="elixam12weightreductionallunlocked">0</string>
    <string name="tomahawk600gtsuspensionallunlocked">0</string>
    <string name="elixam12handbrakeallunlocked">0</string>
    <string name="tomahawk69lubricants">0</string>
    <string name="GAME_SETTINGSshow_unlock_track_tip">1</string>
    <string name="vultureclutchallunlocked">0</string>
    <string name="DM2_UNLOCK_STUFFLubricants_Stage1">0b54d0a12cd1c1f85e8e2945e244dd1f</string>
    <string name="KEY_PLAYER_MONEY">9999999</string>
    <string name="DM2_UNLOCK_STUFFCar11_Spoiler_Default">0b54d0a12cd1c1f85e8e2945e244dd1f</string>
    <string name="UNCLOK_Lubricants_Stage1">1981</string>
    <string name="mizuchiecuallunlocked">0</string>
    <string name="elixam12suspension">0</string>
    <string name="DM2_UNLOCK_STUFFCar02_Spoiler_Default">0b54d0a12cd1c1f85e8e2945e244dd1f</string>
    <string name="DM2_UNLOCK_STUFFCar05_Spoiler_Default">0b54d0a12cd1c1f85e8e2945e244dd1f</string>
    <string name="vultureengineoil">0</string>
    <string name="UNCLOK_Window_Purple">1981</string>
    <string name="tomahawk600gthandbrakeallunlocked">0</string>
    <string name="tomahawk69clutch">0</string>
    <string name="tensiogtxsuspension">0</string>
    <string name="DM2_UNLOCK_STUFFCar08_Spoiler_Default">0b54d0a12cd1c1f85e8e2945e244dd1f</string>
    <string name="radia_helixweightreduction">0</string>
    <string name="mizuchiengineoil">0</string>
    <string name="rohrecuallunlocked">0</string>
    <string name="tomahawk600gtflywheel">0</string>
    <string name="vultureexhaustallunlocked">0</string>
    <string name="tomahawk600gttires">0</string>
    <string name="tensiogtxecu">0</string>
    <string name="UNCLOK_Window_Aqua">1981</string>
    <string name="UNCLOK_Track13">1981</string>
    <string name="mizuchiexhaustallunlocked">0</string>
    <string name="CAR_CUSTOMIZATION_KEYcar_mizuchi_srzWindowTint">0</string>
    <string name="tomahawk69tiresallunlocked">0</string>
    <string name="UNCLOK_Car12_Default">1981</string>
    <string name="stingerflywheelallunlocked">0</string>
    <string name="car_intenza_gssteering_senesitivity">0.5</string>
    <string name="car_tensio_gtxacceleeration">0.5</string>
    <string name="UNCLOK_Wheel08">1981</string>
    <string name="UNCLOK_Wheel09">1981</string>
    <string name="UNCLOK_Wheel06">1981</string>
    <string name="intenziatiresallunlocked">0</string>
    <string name="UNCLOK_Wheel07">1981</string>
    <string name="UNCLOK_Wheel15">1981</string>
    <string name="UNCLOK_Wheel16">1981</string>
    <string name="UNCLOK_Wheel13">1981</string>
    <string name="UNCLOK_Wheel14">1981</string>
    <string name="UNCLOK_Window_Red">1981</string>
    <string name="vampirehandbrake">0</string>
    <string name="UNCLOK_Wheel11">1981</string>
    <string name="UNCLOK_Wheel12">1981</string>
    <string name="UNCLOK_Car08_Spoiler_Default">1981</string>
    <string name="UNCLOK_Wheel10">1981</string>
    <string name="rohrexhaustallunlocked">0</string>
    <string name="PLAYER_MAX_ALL_STATS">0</string>
    <string name="radia_helixflywheelallunlocked">0</string>
    <string name="UNCLOK_Car11_Spoiler_Default">1981</string>
    <string name="DM2_UNLOCK_STUFFWindow_Red">0b54d0a12cd1c1f85e8e2945e244dd1f</string>
    <string name="DM2_UNLOCK_STUFFCar12_Default">0b54d0a12cd1c1f85e8e2945e244dd1f</string>
    <string name="UNCLOK_Car02_Spoiler_Default">1981</string>
    <string name="UNCLOK_Car05_Spoiler_Default">1981</string>
    <string name="UNCLOK_Suspension_Stage1">1981</string>
    <string name="DM2_UNLOCK_STUFFSuspension_Stage1">0b54d0a12cd1c1f85e8e2945e244dd1f</string>
    <string name="mizuchisuspensionallunlocked">0</string>
    <string name="tensiogtxflywheelallunlocked">0</string>
    <string name="CAR_COLOR_KEYcar_hydra_gsr">0</string>
    <string name="rohrecu">0</string>
    <string name="UNCLOK_Wheel04">1981</string>
    <string name="UNCLOK_Wheel05">1981</string>
    <string name="wadalubricants">0</string>
    <string name="UNCLOK_Wheel02">1981</string>
    <string name="UNCLOK_Wheel03">1981</string>
    <string name="UNCLOK_Wheel01">1981</string>
    <string name="mizuchitiresallunlocked">0</string>
    <string name="elixam12airfilter">0</string>
    <string name="stingertires">0</string>
</map>
