<?xml version='1.0' encoding='utf-8' standalone='yes' ?>
<map>
    <int name="UnityGraphicsQuality" value="0" />
    <int name="SAYKIT_ANALYTIC_SCURRENCY" value="1000008999" />
    <int name="Screenmanager%20Resolution%20Height" value="2300" />
    <string name="unity.player_sessionid">318298677500031491</string>
    <int name="NextBonusLevel" value="0" />
    <string name="PlayerGunList">%5B%7B%22_gunVariantKey%22%3A0%2C%22_progressionTierKey%22%3A%22cheap%22%2C%22_baseLevel%22%3A1%2C%22_upgradeLevel%22%3A5%7D%5D</string>
    <int name="HardCurrency" value="1000000379" />
    <int name="BombTutorShowed" value="1" />
    <int name="Screenmanager%20Resolution%20Width" value="1080" />
    <int name="LevelInChapter" value="2" />
    <int name="NextToUnlockCharacterOutfit" value="1" />
    <int name="QualityLevel" value="0" />
    <string name="CycleOutfitOffers">%7B%22lastEndOfCycleDateTimeString%22%3A%2211%2F25%2F2021%2019%3A45%3A54%22%2C%22order%22%3A2147483647%7D</string>
    <int name="Outfit1000000State" value="3" />
    <int name="DataModuleDataVersion" value="3" />
    <int name="SAYKIT_GDPR_TIMESTAMP" value="1637878275" />
    <int name="SAYKIT_ANALYTIC_START_COUNT" value="5" />
    <int name="CountOfCompletedBonusLevels" value="0" />
    <int name="SoftCurrency" value="1000008999" />
    <int name="SAYKIT_ANALYTIC_LEVEL" value="10000" />
    <int name="OverallLevel" value="9999" />
    <int name="OutfitCards" value="999999999" />
    <int name="TryGunLastShownPeriodicOfferAtLevel" value="10000" />
    <int name="InfiniteMode" value="0" />
    <string name="unity.player_session_count">5</string>
    <string name="ActiveOutfitOffer">%7B%22offerId%22%3A%22skin_offer_2%22%2C%22initDateString%22%3A%2211%2F25%2F2021%2019%3A45%3A54%22%7D</string>
    <int name="Outfit0State" value="3" />
    <int name="SAYKIT_ANALYTIC_HCURRENCY" value="1000000379" />
    <int name="__UNITY_PLAYERPREFS_VERSION__" value="1" />
    <int name="RateUsShown" value="1" />
    <int name="Screenmanager%20Fullscreen%20mode" value="-1" />
    <int name="BonusLevelCollectibles" value="0" />
    <int name="PreviousLevelChapter" value="0" />
    <string name="WasInitOutfitOffers">%7B%22offersIds%22%3A%5B%22skin_offer_2%22%5D%7D</string>
    <string name="NonConsumableSuccessPurchases">%5B%22rng.skin.medium%22%5D</string>
    <int name="sayKitDebugFlag" value="0" />
    <int name="CurrentChapter" value="0" />
    <int name="ActiveCharacterOutfit" value="1000000" />
</map>
