<?xml version='1.0' encoding='utf-8' standalone='yes' ?>
<map>
    <int name="Screenmanager%20Resolution%20Height" value="2178" />
    <string name="I2%20Language">English%20(United%20States)</string>
    <string name="unity.player_sessionid">2780202120695224438</string>
    <int name="AdditionalCoins" value="5800" />
    <string name="LastLogOn">1%2F16%2F2022%208%3A09%3A13%20AM</string>
    <int name="Badge" value="0" />
    <int name="Screenmanager%20Resolution%20Width" value="1080" />
    <int name="RepFixed" value="1" />
    <string name="LocalSaveGameDate">6%2F10%2F2021</string>
    <int name="Binaryfilescopied" value="1" />
    <string name="prefLanguage">en-US</string>
    <string name="unity.player_session_count">4</string>
    <string name="LocalSaveClub">Quevilly-Rouen</string>
    <int name="__UNITY_PLAYERPREFS_VERSION__" value="1" />
    <int name="Orientation" value="1" />
    <int name="LastNotificationType0" value="11" />
    <string name="LastNotificationDate0">1%2F23%2F2022%208%3A22%3A14%20AM</string>
    <string name="unity.cloud_userid">5688bcf7e14a88bc9b3bd86aad356dfa</string>
    <int name="LastNotificationType2" value="9" />
    <string name="LastNotificationDate2">1%2F30%2F2022%208%3A22%3A14%20AM</string>
    <int name="LastNotificationType1" value="7" />
    <string name="LastNotificationDate1">1%2F26%2F2022%208%3A22%3A14%20AM</string>
    <int name="Screenmanager%20Fullscreen%20mode" value="-1" />
    <int name="SaveVersion1" value="2" />
    <int name="originalfilescopied" value="1" />
</map>
