<?xml version='1.0' encoding='utf-8' standalone='yes' ?>
<map>
    <int name="totalDistance_gymkhana" value="6623" />
    <int name="1carOwned_ShockMansionWats" value="1" />
    <int name="1carOwned_wasp" value="1" />
    <int name="1carOwned_BatteryOffroader" value="1" />
    <int name="1carOwned_RallyWRECKX" value="1" />
    <string name="1badRunDistanceTVOS">350</string>
    <float name="1badRunMinSpeedPercent" value="0.75" />
    <float name="1totalDriftingTime" value="41.160442" />
    <float name="1badRunSpeedStep" value="0.05" />
    <int name="1carOwned_HondaS2000" value="1" />
    <float name="1boomGateChance" value="0.333" />
    <int name="1carOwned_SpeedRacer" value="1" />
    <int name="1carOwned_OzzyMan" value="1" />
    <int name="1carOwned_Treaded" value="1" />
    <int name="1carOwned_YellowTaxi" value="1" />
    <int name="1distanceInCarAlltime_4x4" value="226" />
    <string name="1overrideIntroCarUnlock_android">1320</string>
    <string name="1lastSavedLocalVersion">1.6.7</string>
    <string name="1coinsAtStartTVOS">2000</string>
    <int name="1carOwned_YasidDaytona" value="1" />
    <int name="totalDistance_tutorial" value="103" />
    <int name="1autoLoginGooglePlay" value="0" />
    <int name="1carOwned_BSquad" value="1" />
    <int name="1lastUnlockedColor" value="0" />
    <int name="Screenmanager%20Resolution%20Height" value="2178" />
    <int name="1tapControl" value="0" />
    <int name="1howManyDeathsBeforeSecondRate" value="15" />
    <string name="1shareTextString">thumbdrift.com%20</string>
    <string name="1selectedCar">r34panthaa</string>
    <string name="1version_android">1.4.5</string>
    <int name="1carOwned_MaxiTrooper" value="1" />
    <int name="1distanceRecord_gymkhana" value="2221" />
    <int name="1carOwned_FordEscort" value="1" />
    <int name="1numCarsOwned" value="93" />
    <string name="1overrideIntroCarUnlock_iOS">1320</string>
    <int name="1tutorialPhase" value="1" />
    <int name="1numFreebies" value="6" />
    <int name="1carOwned_golfr32" value="1" />
    <int name="1carOwned_pugmobile" value="1" />
    <string name="1adMinDistance">25</string>
    <string name="1daytonaHoursUntilForcedUnlock">10</string>
    <int name="1carOwned_purrari" value="1" />
    <string name="1adMinMinutesInitial">2</string>
    <int name="1carOwned_Bosslogic" value="1" />
    <string name="1showAds">true</string>
    <int name="1distanceRecord_tutorial" value="103" />
    <string name="1versionParagraph">Thanks%20for%20playing%20Thumb%20Drift%20and%20making%20it%20amazing!</string>
    <int name="1firstRunLanguageSet" value="0" />
    <string name="1version">1.5.0</string>
    <int name="1carCostIncrease" value="50" />
    <string name="1crosspromoios"></string>
    <int name="1carOwned_GTAWiseGuy" value="1" />
    <string name="1chosenLanguage">en</string>
    <int name="1settings_gamesplayed" value="9" />
    <int name="1lowPerformance" value="0" />
    <int name="Screenmanager%20Resolution%20Width" value="1080" />
    <int name="1carOwned_pontiac" value="1" />
    <int name="1carOwned_MyBoyBlue" value="1" />
    <int name="1carOwned_PewDiePie" value="1" />
    <string name="1adMaxRacesBetween">4</string>
    <int name="1carOwned_GreenPeace" value="1" />
    <int name="1carOwned_Ladybug" value="1" />
    <int name="1carOwned_LanciaStratos" value="1" />
    <int name="1distanceInCar_4x4" value="226" />
    <string name="1time">2021-12-09T18%3A37%3A06.619Z</string>
    <int name="1carOwned_RedMini" value="1" />
    <int name="1carOwned_Cronulla80SIX" value="1" />
    <string name="1creditsArray">Pat%20Cook%2FIlija%20Melentijevic%2FNikhil%20Suresh%2FRob%20Snars%2FAsh%20Ringrose%2FMark%20Fennell%2FDavid%20Mugford%2FWill%20Sun%2FBrad%20James%2FBen%20Olive%2FRoland%20White%2FNicholas%20Johnson%2FJonathon%20Valenzuela%2FStef%20Stivala%2FTim%20Vizesi%2FTom%20Williams%2FTim%20Taylor%2FBrett%20Peacock%2FRobert%20Spriggs%2FHazim%20Abdul%20Hamid%2FJohn%20Westfallen%2FStefan%20Derewianka</string>
    <int name="1carOwned_TofuDrifter" value="1" />
    <int name="1betaExpiryHours" value="72" />
    <string name="1currentVersion">1.4.5</string>
    <string name="1adMinMinutesBetween">1.1</string>
    <string name="1crosspromoandroid">ads.soapcreative.com%2Fclick%2Fandroid%2FThumbdrift%2FRISK%2F5f046d573444160ada08e4cff099d15c.jpg</string>
    <int name="1totalDeaths" value="9" />
    <int name="__UNITY_PLAYERPREFS_VERSION__" value="1" />
    <int name="1hasPlayedTutorial" value="1" />
    <string name="1dailyRewardsCheckin">12%2F12%2F2021%209%3A42%3A40%20AM</string>
    <int name="1carOwned_BulletproofR35" value="1" />
    <int name="1carOwned_Outatime" value="1" />
    <int name="1carOwned_IceCold" value="1" />
    <int name="1mission_2_attempts" value="2" />
    <int name="1runsLessThan30" value="0" />
    <int name="1carOwned_TheUnwashed" value="1" />
    <int name="1timeDriftingAllTime" value="37" />
    <int name="1carOwned_Bulletproof%20Automotive%20Z4%20GT" value="1" />
    <int name="1carOwned_CorvetteC6Z06" value="1" />
    <int name="1dailyRewardSequence" value="0" />
    <int name="1timesOpenedGame" value="3" />
    <string name="1failyBrakesURLiOS">geo.itunes.apple.com%2Fus%2Fapp%2Ffaily-brakes%2Fid1063191689%3Fmt%3D8</string>
    <string name="1prereleaseVersion">1.0.1.153</string>
    <int name="1carOwned_Vagabond" value="1" />
    <int name="1carOwned_MustangTRTZ" value="1" />
    <string name="1doesBetaExpireOnAndroid">true</string>
    <int name="1carOwned_Hellcat" value="1" />
    <string name="1overrideIntroCarUnlockTVOS">TsubomashiEMO</string>
    <int name="1carOwned_RowdyGR8" value="1" />
    <string name="1doesBetaExpireOnIOS">false</string>
    <int name="1runsSinceAutoSwitch" value="7" />
    <int name="1totalCoinsAllTime" value="92" />
    <int name="1totalDistance" value="6726" />
    <string name="1coinsAtStart">0</string>
    <float name="1badRunDistance" value="50.0" />
    <string name="1doesBetaExpire">True</string>
    <int name="1carOwned_ANDROID%20EXCLUSIVE" value="1" />
    <string name="unity.player_sessionid">412309405615584829</string>
    <int name="1carOwned_RadRexV8" value="1" />
    <int name="1carOwned_ModelT" value="1" />
    <int name="1carOwned_StuntRacerA" value="1" />
    <string name="1crosspromoimage">dqqlaw89ltmib.cloudfront.net%2F44_5f046d573444160ada08e4cff099d15c.jpg</string>
    <int name="1carOwned_OMGelement" value="1" />
    <int name="1performanceLevel" value="1" />
    <int name="1carOwned_r34" value="1" />
    <int name="1distanceInCarAlltime_CarThrottleNazda" value="103" />
    <string name="1useTapChance">0.5</string>
    <int name="1timesBeatRecord" value="5" />
    <int name="1carOwned_ObscuraNXS" value="1" />
    <string name="1overrideIntroCarUnlock">1320</string>
    <string name="1carDataFrequency">1</string>
    <string name="1timeTilMaxSpeed">22</string>
    <int name="1carOwned_StreetFX86" value="1" />
    <int name="1carOwned_MaxiOffroader" value="1" />
    <int name="1carOwned_TheFiveO" value="1" />
    <string name="1dailyRewardsAnchor">12%2F09%2F2021%2006%3A33%3A12</string>
    <int name="1carOwned_TurboBee" value="1" />
    <int name="1cumulativeDistAnchor_1" value="5000" />
    <int name="1showFailyBrakesButton" value="0" />
    <int name="1carOwned_DorfSiesta" value="1" />
    <int name="1carOwned_Nissan180SX" value="1" />
    <int name="1distanceInCar_CarThrottleNazda" value="103" />
    <string name="1carData">r34panthaa%3A43</string>
    <int name="1carOwned_RomanAtwod" value="1" />
    <string name="1missionRewardInc">5</string>
    <string name="1updateNotes">Fixed%20Crashes%20and%20Memory%20Optimize</string>
    <int name="1didUnlockFirstCar" value="1" />
    <string name="1crosspromoURL">https%3A%2F%2Fplay.google.com%2Fstore%2Fapps%2Fdetails%3Fid%3Dcom.hasbro.riskbigscreen%26hl%3Den_AU</string>
    <string name="1version_iOS">1.3.5</string>
    <string name="1betaExpiryDeadlineDate">2%2F12%2F2016</string>
    <int name="1carOwned_Achilles86" value="1" />
    <int name="1carOwned_VoxeyLady" value="1" />
    <int name="1carOwned_Trike" value="1" />
    <int name="1showCrossPromoEvery" value="3" />
    <int name="1carOwned_Santa" value="1" />
    <string name="1adMinRacesBetween">4</string>
    <string name="1carCostIncreaseTVOS">10</string>
    <string name="1creditsURL">smgstudio.com</string>
    <int name="1badRunCounter" value="10" />
    <int name="1carOwned_TheBros" value="1" />
    <int name="1runsBetweenDoubleCoinOffer" value="14" />
    <int name="1mission_1_attempts" value="5" />
    <int name="1carOwned_r34panthaa" value="1" />
    <int name="1carOwned_SuperMustardEX" value="1" />
    <int name="1carOwned_DapperHotrod" value="1" />
    <int name="1distanceInCar_FordEscort" value="5752" />
    <int name="1carOwned_StuntCarRacerNPC" value="1" />
    <string name="licenseTime">12%2F9%2F2021%201%3A37%3A07%20PM</string>
    <int name="1missionNum" value="3" />
    <string name="1stringKeys">chosenLanguage%2CintKeys%2CdailyRewardsAnchor%2CdailyRewardsCheckin%2CfloatKeys%2CadMaxRacesBetween%2CadMinDistance%2CadMinMinutesBetween%2CadMinMinutesInitial%2CadMinRacesBetween%2CbadRunDistance%2CbadRunDistanceTVOS%2CbadRunMinSpeedPercent%2CbadRunSpeedStep%2CbaseCarCost%2CbaseCarCostTVOS%2CbetaExpiryDeadlineDate%2CbetaExpiryHours%2CboomGateChance%2CcarCostIncrease%2CcarCostIncreaseTVOS%2CcarDataFrequency%2CcoinsAtStart%2CcoinsAtStartTVOS%2CcreditsArray%2CcreditsURL%2CdaytonaHoursUntilForcedUnlock%2CdaytonaUnlockDuration%2CdoesBetaExpireOnAndroid%2CdoesBetaExpireOnIOS%2CfailyBrakesURLAndroid%2CfailyBrakesURLiOS%2ChowManyDeathsBeforeSecondRate%2ChowManyHoursBeforeSecondRate%2ChowManyTimesBeatRecordBeforeRate%2CmissionRewardBase%2CmissionRewardInc%2CofflineCoinsAllowed%2CoverrideIntroCarUnlock%2CoverrideIntroCarUnlockTVOS%2CoverrideIntroCarUnlock_android%2CoverrideIntroCarUnlock_iOS%2CprereleaseVersion%2CshareTextString%2CshowAds%2CshowCredits%2CshowCrossPromoEvery%2CshowFailyBrakesButton%2CtimeTilMaxSpeed%2CtutorialVideoURL%2CupdateNotes%2CupdateNotes_android%2CupdateNotes_iOS%2CuseCrossPromo%2CuseTapChance%2Cversion%2CversionParagraph%2CversionParagraph_android%2CversionParagraph_iOS%2Cversion_android%2Cversion_iOS%2Ccrosspromoimage%2CcrosspromoTrackingLink%2CcrosspromoURL%2Ccrosspromolink%2Ccrosspromoandroid%2Ccrosspromoios%2Ctime%2CcurrentVersion%2CdoesBetaExpire%2ClastSavedLocalVersion%2CselectedCar%2ClastFreebieDate%2CcarData%2CrandomCarLoaded%2CdaytonaUnlockTime%2Ccheckpoint</string>
    <int name="1spentCoins" value="233750" />
    <string name="1updateNotes_android">Fixed%20Crashes%20and%20Memory%20Optimize</string>
    <int name="1carOwned_JackSepticEye" value="1" />
    <string name="unity.cloud_userid">4ea3c34cdefde0d73a145990b4e9ae1b</string>
    <string name="1floatKeys">adMaxRacesBetween%2CadMinDistance%2CadMinMinutesBetween%2CadMinMinutesInitial%2CadMinRacesBetween%2CbadRunDistance%2CbadRunDistanceTVOS%2CbadRunMinSpeedPercent%2CbadRunSpeedStep%2CbaseCarCost%2CbaseCarCostTVOS%2CbetaExpiryHours%2CboomGateChance%2CcarCostIncrease%2CcarCostIncreaseTVOS%2CcarDataFrequency%2CcoinsAtStart%2CcoinsAtStartTVOS%2CdaytonaHoursUntilForcedUnlock%2CdaytonaUnlockDuration%2ChowManyDeathsBeforeSecondRate%2ChowManyHoursBeforeSecondRate%2ChowManyTimesBeatRecordBeforeRate%2CmissionRewardBase%2CmissionRewardInc%2CoverrideIntroCarUnlock_android%2CoverrideIntroCarUnlock_iOS%2CshowCrossPromoEvery%2CtimeTilMaxSpeed%2CuseTapChance%2CtotalDriftingTime</string>
    <int name="1carOwned_WongMobile" value="1" />
    <int name="1distanceInCarAlltime_r34panthaa" value="645" />
    <int name="1carOwned_4x4" value="1" />
    <int name="1carOwned_Tomcat86" value="1" />
    <int name="1carOwned_RSeriesRadiant" value="1" />
    <int name="1carOwned_SaudiGamer" value="1" />
    <int name="1carOwned_StuntRacerD" value="1" />
    <string name="1showCredits">false</string>
    <int name="1carOwned_gt40" value="1" />
    <int name="UnityGraphicsQuality" value="0" />
    <int name="1carOwned_BlondLotos" value="1" />
    <string name="1crosspromoTrackingLink">ads.soapcreative.com%2Fclick%2Fandroid%2FThumbdrift%2FRISK%2F5f046d573444160ada08e4cff099d15c.jpg</string>
    <string name="1updateNotes_iOS">New%20Game%20Mode%20-%20Daytona%20Coin%20Frenzy</string>
    <int name="1carOwned_Kombi" value="1" />
    <string name="1crosspromolink">ads.soapcreative.com%2Fclick%2Fandroid%2FThumbdrift%2FRISK%2F5f046d573444160ada08e4cff099d15c.jpg</string>
    <int name="1carOwned_MazgaXR7" value="1" />
    <int name="1carOwned_Formula8bit" value="1" />
    <int name="1mission_3_attempts" value="1" />
    <int name="1carOwned_Batmobile" value="1" />
    <int name="1carOwned_ShoolBus" value="1" />
    <int name="1offlineCoinsAllowed" value="0" />
    <int name="1carOwned_ChewyCornetto" value="1" />
    <int name="1howManyTimesBeatRecordBeforeRate" value="5" />
    <string name="1randomCarLoaded"></string>
    <string name="1versionParagraph_android">Fixed%20Crashes%20and%20Memory%20Optimize.%20Thanks%20for%20updating</string>
    <int name="1carOwned_RicePirate" value="1" />
    <int name="1numRacesWithoutSharing" value="2" />
    <int name="licenseState" value="0" />
    <int name="1selectedCarColor" value="0" />
    <int name="1carOwned_Shamrocker" value="1" />
    <int name="1carOwned_EnterSandman" value="1" />
    <int name="1numCoins" value="1000000050" />
    <string name="1checkpoint">gymkhana</string>
    <int name="1carOwned_Onemoreline2000SMG" value="1" />
    <int name="1distanceInCarAlltime_FordEscort" value="5752" />
    <int name="1distanceInCar_r34panthaa" value="645" />
    <int name="1howManyHoursBeforeSecondRate" value="24" />
    <int name="1carOwned_infinitig35" value="1" />
    <int name="1carOwned_CarThrottleNazda" value="1" />
    <int name="1carOwned_SUPA" value="1" />
    <int name="1carOwned_VegasGT" value="1" />
    <int name="1carOwned_1320" value="1" />
    <string name="1baseCarCostTVOS">150</string>
    <int name="1runsSinceLastCoin" value="0" />
    <int name="1carOwned_outtahell" value="1" />
    <int name="1carOwned_LZBMX" value="1" />
    <string name="1missionRewardBase">40</string>
    <string name="1daytonaUnlockDuration">0.08</string>
    <int name="1carOwned_TsubomashiEMO" value="1" />
    <string name="unity.player_session_count">3</string>
    <int name="1carOwned_Yogscast" value="1" />
    <int name="1carOwned_TheDomesticMango" value="1" />
    <int name="1carOwned_Boastin'Powers" value="1" />
    <string name="1tutorialVideoURL">www.youtube.com%2Fwatch%3Fv%3De3ABjRzy7Sk</string>
    <string name="1lastFreebieDate">12%2F11%2F2021%201%3A04%3A44%20PM</string>
    <string name="1versionParagraph_iOS">New%20Cars%2C%20New%20Track%20and%20new%20Tap%20Control%20Option</string>
    <string name="1daytonaUnlockTime">12%2F13%2F2021%201%3A00%3A47%20AM</string>
    <int name="Screenmanager%20Fullscreen%20mode" value="-1" />
    <string name="1intKeys">firstRunLanguageSet%2CtimesOpenedGame%2CperformanceLevel%2ClowPerformance%2CcumulativeDistAnchor_1%2CnumCarsOwned%2CdailyRewardSequence%2CadMaxRacesBetween%2CadMinDistance%2CadMinMinutesInitial%2CadMinRacesBetween%2CbadRunDistance%2CbadRunDistanceTVOS%2CbaseCarCost%2CbaseCarCostTVOS%2CbetaExpiryHours%2CcarCostIncrease%2CcarCostIncreaseTVOS%2CcarDataFrequency%2CcoinsAtStart%2CcoinsAtStartTVOS%2CdaytonaHoursUntilForcedUnlock%2ChowManyDeathsBeforeSecondRate%2ChowManyHoursBeforeSecondRate%2ChowManyTimesBeatRecordBeforeRate%2CmissionRewardBase%2CmissionRewardInc%2CoverrideIntroCarUnlock_android%2CoverrideIntroCarUnlock_iOS%2CshowCrossPromoEvery%2CtimeTilMaxSpeed%2CshowFailyBrakesButton%2CofflineCoinsAllowed%2CtapControl%2CautoLoginGooglePlay%2CdidUnlockFirstCar%2CcarOwned_CarThrottleNazda%2CselectedCarColor%2ClastUnlockedColor%2CdistanceRecord_tutorial%2CtimesBeatRecord%2CtotalDistance%2CtotalDeaths%2Csettings_gamesplayed%2CrunsSinceLastCoin%2CrunsLessThan30%2CdistanceInCar_CarThrottleNazda%2CdistanceInCarAlltime_CarThrottleNazda%2CtimeDriftingAllTime%2CbadRunCounter%2CtutorialPhase%2CrunsSinceAutoSwitch%2ChasPlayedTutorial%2CcarOwned_Santa%2CnumFreebies%2CcarOwned_4x4%2Cmission_1_attempts%2CdistanceRecord_gymkhana%2CdistanceInCar_4x4%2CdistanceInCarAlltime_4x4%2CcarOwned_BMWm6%2CcarOwned_FordEscort%2CcarOwned_SUPA%2CcarOwned_StreetFX86%2CcarOwned_SpeedRacer%2CdistanceInCar_FordEscort%2CdistanceInCarAlltime_FordEscort%2CrunsBetweenDoubleCoinOffer%2CtotalCoinsAllTime%2CnumCoins%2CnumRacesWithoutSharing%2CmissionNum%2Cmission_2_attempts%2CspentCoins%2CcarOwned_GreenPeace%2CcarOwned_ObscuraNXS%2CcarOwned_YellowTaxi%2CcarOwned_gt40%2CcarOwned_Cronulla80SIX%2CcarOwned_Nissan180SX%2CcarOwned_SaudiGamer%2CcarOwned_Yogscast%2CcarOwned_Onemoreline2000SMG%2CcarOwned_r34%2CcarOwned_VoxeyLady%2CcarOwned_outtahell%2CcarOwned_pugmobile%2CcarOwned_DorfSiesta%2CcarOwned_TheUnwashed%2CcarOwned_Kombi%2CcarOwned_MaxiOffroader%2CcarOwned_ShoolBus%2CcarOwned_WongMobile%2CcarOwned_BlondLotos%2CcarOwned_Boastin'Powers%2CcarOwned_wasp%2CcarOwned_TsubomashiEMO%2CcarOwned_golfr32%2CcarOwned_Ladybug%2CcarOwned_Tactical%2CcarOwned_SuperMustardEX%2CcarOwned_Hellcat%2CcarOwned_Batmobile%2CcarOwned_Bulletproof%20Automotive%20Z4%20GT%2CcarOwned_RadRexV8%2CcarOwned_MazgaXR7%2CcarOwned_DapperHotrod%2CcarOwned_MaxiTrooper%2CcarOwned_CorvetteC6Z06%2CcarOwned_OMGelement%2CcarOwned_RowdyGR8%2CcarOwned_RallyWRECKX%2CcarOwned_Tomcat86%2CcarOwned_purrari%2CcarOwned_ShockMansionWats%2CcarOwned_OzzyMan%2CcarOwned_Outatime%2CcarOwned_Vagabond%2CcarOwned_BatteryOffroader%2CcarOwned_PewDiePie%2CcarOwned_JackSepticEye%2CcarOwned_YasidDaytona%2CcarOwned_Shamrocker%2CcarOwned_Trike%2CcarOwned_Formula8bit%2CcarOwned_GTAWiseGuy%2CcarOwned_ModelT%2CcarOwned_infinitig35%2CcarOwned_Bosslogic%2CcarOwned_LZBMX%2CcarOwned_Treaded%2CcarOwned_BulletproofR35%2CcarOwned_EnterSandman%2CcarOwned_TheDomesticMango%2CcarOwned_MyBoyBlue%2CcarOwned_RSeriesRadiant%2CcarOwned_RedMini%2CcarOwned_MustangTRTZ%2CcarOwned_StuntCarRacerNPC%2CcarOwned_StuntRacerD%2CcarOwned_RomanAtwod%2CcarOwned_BSquad%2CcarOwned_1320%2CcarOwned_TofuDrifter%2CcarOwned_IceCold%2CcarOwned_Achilles86%2CcarOwned_ChewyCornetto%2CcarOwned_pontiac%2CcarOwned_TheFiveO%2CcarOwned_LanciaStratos%2CcarOwned_HondaS2000%2CcarOwned_DriftVan%2CcarOwned_TheBros%2CcarOwned_RicePirate%2CcarOwned_TurboBee%2CcarOwned_StuntRacerA%2CcarOwned_ANDROID%20EXCLUSIVE%2CcarOwned_VegasGT%2CcarOwned_r34panthaa%2CdistanceInCar_r34panthaa%2CdistanceInCarAlltime_r34panthaa%2Cmission_3_attempts</string>
    <int name="1carOwned_BMWm6" value="1" />
    <int name="1carOwned_Tactical" value="1" />
    <int name="1carOwned_DriftVan" value="1" />
    <int name="1baseCarCost" value="250" />
    <string name="1useCrossPromo">true</string>
    <string name="1failyBrakesURLAndroid">play.google.com%2Fstore%2Fapps%2Fdetails%3Fid%3Dcom.spungegames.failybrakes</string>
</map>
