<?xml version='1.0' encoding='utf-8' standalone='yes' ?>
<map>
    <string name="playerTickets">:99</string>
    <string name="avatarSkin">skin_boy_3</string>
    <int name="PiggyBankData_TimesRecycled" value="0" />
    <boolean name="tutorialStepFinished_CloseInventory" value="true" />
    <string name="tutorialStep">Finished</string>
    <boolean name="tutorialStepFinished_BuildWorkshop" value="true" />
    <boolean name="tutorialStepFinished_CreateVillage" value="true" />
    <int name="Offers_GlobalPeriod" value="60" />
    <int name="playerGold" value="1000000059" />
    <string name="Offers_ActiveOffer">{&quot;fst&quot;:&quot;&quot;,&quot;snd&quot;:&quot;0&quot;}</string>
    <string name="avatarTorso">shirt_red_1</string>
    <boolean name="tutorialStepFinished_RemoveBlock" value="true" />
    <string name="cross-ads-assets-cache-mini-button">/data/user/0/com.fungames.blockcraft/cache/skywarriors_globallaunch_button_en_square.png</string>
    <int name="Player_lastFetchedGemsFromServerProduction" value="999999999" />
    <string name="Goal:BETA_v1_BUILD_STONE_HUT">COMPLETED</string>
    <string name="[ServerConnection]_UserServerId_Production">FCCADE83-D214-4725-9FFD-64AA056EB776</string>
    <boolean name="tutorialStepFinished_OpenBuildingShop" value="true" />
    <string name="blockInventory">{&quot;0&quot;:{&quot;block_quantity&quot;:150,&quot;block_type&quot;:2,&quot;index_key&quot;:0},&quot;1&quot;:{&quot;block_quantity&quot;:150,&quot;block_type&quot;:3,&quot;index_key&quot;:1},&quot;10&quot;:{&quot;block_quantity&quot;:150,&quot;block_type&quot;:21,&quot;index_key&quot;:10},&quot;100&quot;:{&quot;block_quantity&quot;:0,&quot;block_type&quot;:228,&quot;index_key&quot;:100},&quot;101&quot;:{&quot;block_quantity&quot;:0,&quot;block_type&quot;:256,&quot;index_key&quot;:101},&quot;102&quot;:{&quot;block_quantity&quot;:0,&quot;block_type&quot;:110,&quot;index_key&quot;:102},&quot;103&quot;:{&quot;block_quantity&quot;:0,&quot;block_type&quot;:111,&quot;index_key&quot;:103},&quot;104&quot;:{&quot;block_quantity&quot;:0,&quot;block_type&quot;:113,&quot;index_key&quot;:104},&quot;105&quot;:{&quot;block_quantity&quot;:0,&quot;block_type&quot;:114,&quot;index_key&quot;:105},&quot;106&quot;:{&quot;block_quantity&quot;:0,&quot;block_type&quot;:115,&quot;index_key&quot;:106},&quot;107&quot;:{&quot;block_quantity&quot;:0,&quot;block_type&quot;:116,&quot;index_key&quot;:107},&quot;108&quot;:{&quot;block_quantity&quot;:0,&quot;block_type&quot;:117,&quot;index_key&quot;:108},&quot;109&quot;:{&quot;block_quantity&quot;:0,&quot;block_type&quot;:118,&quot;index_key&quot;:109},&quot;11&quot;:{&quot;block_quantity&quot;:150,&quot;block_type&quot;:22,&quot;index_key&quot;:11},&quot;110&quot;:{&quot;block_quantity&quot;:0,&quot;block_type&quot;:121,&quot;index_key&quot;:110},&quot;111&quot;:{&quot;block_quantity&quot;:0,&quot;block_type&quot;:122,&quot;index_key&quot;:111},&quot;112&quot;:{&quot;block_quantity&quot;:0,&quot;block_type&quot;:123,&quot;index_key&quot;:112},&quot;113&quot;:{&quot;block_quantity&quot;:0,&quot;block_type&quot;:124,&quot;index_key&quot;:113},&quot;114&quot;:{&quot;block_quantity&quot;:0,&quot;block_type&quot;:125,&quot;index_key&quot;:114},&quot;115&quot;:{&quot;block_quantity&quot;:0,&quot;block_type&quot;:126,&quot;index_key&quot;:115},&quot;116&quot;:{&quot;block_quantity&quot;:0,&quot;block_type&quot;:127,&quot;index_key&quot;:116},&quot;117&quot;:{&quot;block_quantity&quot;:0,&quot;block_type&quot;:128,&quot;index_key&quot;:117},&quot;118&quot;:{&quot;block_quantity&quot;:0,&quot;block_type&quot;:129,&quot;index_key&quot;:118},&quot;119&quot;:{&quot;block_quantity&quot;:0,&quot;block_type&quot;:130,&quot;index_key&quot;:119},&quot;12&quot;:{&quot;block_quantity&quot;:150,&quot;block_type&quot;:23,&quot;index_key&quot;:12},&quot;120&quot;:{&quot;block_quantity&quot;:0,&quot;block_type&quot;:460,&quot;index_key&quot;:120},&quot;121&quot;:{&quot;block_quantity&quot;:0,&quot;block_type&quot;:456,&quot;index_key&quot;:121},&quot;122&quot;:{&quot;block_quantity&quot;:0,&quot;block_type&quot;:453,&quot;index_key&quot;:122},&quot;123&quot;:{&quot;block_quantity&quot;:0,&quot;block_type&quot;:473,&quot;index_key&quot;:123},&quot;124&quot;:{&quot;block_quantity&quot;:0,&quot;block_type&quot;:468,&quot;index_key&quot;:124},&quot;125&quot;:{&quot;block_quantity&quot;:0,&quot;block_type&quot;:469,&quot;index_key&quot;:125},&quot;126&quot;:{&quot;block_quantity&quot;:0,&quot;block_type&quot;:470,&quot;index_key&quot;:126},&quot;127&quot;:{&quot;block_quantity&quot;:0,&quot;block_type&quot;:471,&quot;index_key&quot;:127},&quot;128&quot;:{&quot;block_quantity&quot;:0,&quot;block_type&quot;:450,&quot;index_key&quot;:128},&quot;129&quot;:{&quot;block_quantity&quot;:0,&quot;block_type&quot;:451,&quot;index_key&quot;:129},&quot;13&quot;:{&quot;block_quantity&quot;:150,&quot;block_type&quot;:274,&quot;index_key&quot;:13},&quot;130&quot;:{&quot;block_quantity&quot;:0,&quot;block_type&quot;:452,&quot;index_key&quot;:130},&quot;131&quot;:{&quot;block_quantity&quot;:0,&quot;block_type&quot;:472,&quot;index_key&quot;:131},&quot;132&quot;:{&quot;block_quantity&quot;:0,&quot;block_type&quot;:454,&quot;index_key&quot;:132},&quot;133&quot;:{&quot;block_quantity&quot;:0,&quot;block_type&quot;:455,&quot;index_key&quot;:133},&quot;14&quot;:{&quot;block_quantity&quot;:150,&quot;block_type&quot;:161,&quot;index_key&quot;:14},&quot;140&quot;:{&quot;block_quantity&quot;:0,&quot;block_type&quot;:187,&quot;index_key&quot;:140},&quot;141&quot;:{&quot;block_quantity&quot;:0,&quot;block_type&quot;:189,&quot;index_key&quot;:141},&quot;142&quot;:{&quot;block_quantity&quot;:0,&quot;block_type&quot;:188,&quot;index_key&quot;:142},&quot;143&quot;:{&quot;block_quantity&quot;:0,&quot;block_type&quot;:190,&quot;index_key&quot;:143},&quot;144&quot;:{&quot;block_quantity&quot;:0,&quot;block_type&quot;:186,&quot;index_key&quot;:144},&quot;145&quot;:{&quot;block_quantity&quot;:0,&quot;block_type&quot;:209,&quot;index_key&quot;:145},&quot;146&quot;:{&quot;block_quantity&quot;:0,&quot;block_type&quot;:211,&quot;index_key&quot;:146},&quot;147&quot;:{&quot;block_quantity&quot;:0,&quot;block_type&quot;:210,&quot;index_key&quot;:147},&quot;148&quot;:{&quot;block_quantity&quot;:0,&quot;block_type&quot;:212,&quot;index_key&quot;:148},&quot;149&quot;:{&quot;block_quantity&quot;:0,&quot;block_type&quot;:208,&quot;index_key&quot;:149},&quot;15&quot;:{&quot;block_quantity&quot;:150,&quot;block_type&quot;:530,&quot;index_key&quot;:15},&quot;150&quot;:{&quot;block_quantity&quot;:0,&quot;block_type&quot;:300,&quot;index_key&quot;:150},&quot;151&quot;:{&quot;block_quantity&quot;:0,&quot;block_type&quot;:301,&quot;index_key&quot;:151},&quot;152&quot;:{&quot;block_quantity&quot;:0,&quot;block_type&quot;:302,&quot;index_key&quot;:152},&quot;153&quot;:{&quot;block_quantity&quot;:0,&quot;block_type&quot;:303,&quot;index_key&quot;:153},&quot;154&quot;:{&quot;block_quantity&quot;:0,&quot;block_type&quot;:304,&quot;index_key&quot;:154},&quot;155&quot;:{&quot;block_quantity&quot;:0,&quot;block_type&quot;:322,&quot;index_key&quot;:155},&quot;156&quot;:{&quot;block_quantity&quot;:0,&quot;block_type&quot;:320,&quot;index_key&quot;:156},&quot;157&quot;:{&quot;block_quantity&quot;:0,&quot;block_type&quot;:321,&quot;index_key&quot;:157},&quot;16&quot;:{&quot;block_quantity&quot;:150,&quot;block_type&quot;:24,&quot;index_key&quot;:16},&quot;160&quot;:{&quot;block_quantity&quot;:0,&quot;block_type&quot;:353,&quot;index_key&quot;:160},&quot;161&quot;:{&quot;block_quantity&quot;:0,&quot;block_type&quot;:354,&quot;index_key&quot;:161},&quot;162&quot;:{&quot;block_quantity&quot;:0,&quot;block_type&quot;:355,&quot;index_key&quot;:162},&quot;163&quot;:{&quot;block_quantity&quot;:0,&quot;block_type&quot;:356,&quot;index_key&quot;:163},&quot;164&quot;:{&quot;block_quantity&quot;:0,&quot;block_type&quot;:357,&quot;index_key&quot;:164},&quot;165&quot;:{&quot;block_quantity&quot;:0,&quot;block_type&quot;:434,&quot;index_key&quot;:165},&quot;166&quot;:{&quot;block_quantity&quot;:0,&quot;block_type&quot;:435,&quot;index_key&quot;:166},&quot;167&quot;:{&quot;block_quantity&quot;:0,&quot;block_type&quot;:436,&quot;index_key&quot;:167},&quot;168&quot;:{&quot;block_quantity&quot;:0,&quot;block_type&quot;:437,&quot;index_key&quot;:168},&quot;17&quot;:{&quot;block_quantity&quot;:150,&quot;block_type&quot;:102,&quot;index_key&quot;:17},&quot;18&quot;:{&quot;block_quantity&quot;:150,&quot;block_type&quot;:112,&quot;index_key&quot;:18},&quot;180&quot;:{&quot;block_quantity&quot;:150,&quot;block_type&quot;:165,&quot;index_key&quot;:180},&quot;181&quot;:{&quot;block_quantity&quot;:150,&quot;block_type&quot;:179,&quot;index_key&quot;:181},&quot;182&quot;:{&quot;block_quantity&quot;:150,&quot;block_type&quot;:181,&quot;index_key&quot;:182},&quot;183&quot;:{&quot;block_quantity&quot;:150,&quot;block_type&quot;:173,&quot;index_key&quot;:183},&quot;184&quot;:{&quot;block_quantity&quot;:150,&quot;block_type&quot;:170,&quot;index_key&quot;:184},&quot;185&quot;:{&quot;block_quantity&quot;:150,&quot;block_type&quot;:183,&quot;index_key&quot;:185},&quot;186&quot;:{&quot;block_quantity&quot;:150,&quot;block_type&quot;:184,&quot;index_key&quot;:186},&quot;187&quot;:{&quot;block_quantity&quot;:150,&quot;block_type&quot;:185,&quot;index_key&quot;:187},&quot;188&quot;:{&quot;block_quantity&quot;:150,&quot;block_type&quot;:168,&quot;index_key&quot;:188},&quot;189&quot;:{&quot;block_quantity&quot;:150,&quot;block_type&quot;:167,&quot;index_key&quot;:189},&quot;19&quot;:{&quot;block_quantity&quot;:150,&quot;block_type&quot;:50,&quot;index_key&quot;:19},&quot;190&quot;:{&quot;block_quantity&quot;:150,&quot;block_type&quot;:178,&quot;index_key&quot;:190},&quot;191&quot;:{&quot;block_quantity&quot;:150,&quot;block_type&quot;:177,&quot;index_key&quot;:191},&quot;192&quot;:{&quot;block_quantity&quot;:150,&quot;block_type&quot;:176,&quot;index_key&quot;:192},&quot;193&quot;:{&quot;block_quantity&quot;:150,&quot;block_type&quot;:172,&quot;index_key&quot;:193},&quot;194&quot;:{&quot;block_quantity&quot;:150,&quot;block_type&quot;:180,&quot;index_key&quot;:194},&quot;195&quot;:{&quot;block_quantity&quot;:150,&quot;block_type&quot;:174,&quot;index_key&quot;:195},&quot;196&quot;:{&quot;block_quantity&quot;:150,&quot;block_type&quot;:169,&quot;index_key&quot;:196},&quot;197&quot;:{&quot;block_quantity&quot;:150,&quot;block_type&quot;:166,&quot;index_key&quot;:197},&quot;198&quot;:{&quot;block_quantity&quot;:150,&quot;block_type&quot;:171,&quot;index_key&quot;:198},&quot;199&quot;:{&quot;block_quantity&quot;:150,&quot;block_type&quot;:175,&quot;index_key&quot;:199},&quot;2&quot;:{&quot;block_quantity&quot;:150,&quot;block_type&quot;:1,&quot;index_key&quot;:2},&quot;20&quot;:{&quot;block_quantity&quot;:150,&quot;block_type&quot;:66,&quot;index_key&quot;:20},&quot;200&quot;:{&quot;block_quantity&quot;:0,&quot;block_type&quot;:84,&quot;index_key&quot;:200},&quot;201&quot;:{&quot;block_quantity&quot;:0,&quot;block_type&quot;:236,&quot;index_key&quot;:201},&quot;202&quot;:{&quot;block_quantity&quot;:0,&quot;block_type&quot;:250,&quot;index_key&quot;:202},&quot;203&quot;:{&quot;block_quantity&quot;:0,&quot;block_type&quot;:251,&quot;index_key&quot;:203},&quot;204&quot;:{&quot;block_quantity&quot;:0,&quot;block_type&quot;:252,&quot;index_key&quot;:204},&quot;205&quot;:{&quot;block_quantity&quot;:0,&quot;block_type&quot;:261,&quot;index_key&quot;:205},&quot;206&quot;:{&quot;block_quantity&quot;:0,&quot;block_type&quot;:262,&quot;index_key&quot;:206},&quot;207&quot;:{&quot;block_quantity&quot;:0,&quot;block_type&quot;:263,&quot;index_key&quot;:207},&quot;208&quot;:{&quot;block_quantity&quot;:0,&quot;block_type&quot;:260,&quot;index_key&quot;:208},&quot;209&quot;:{&quot;block_quantity&quot;:0,&quot;block_type&quot;:264,&quot;index_key&quot;:209},&quot;21&quot;:{&quot;block_quantity&quot;:150,&quot;block_type&quot;:70,&quot;index_key&quot;:21},&quot;22&quot;:{&quot;block_quantity&quot;:150,&quot;block_type&quot;:57,&quot;index_key&quot;:22},&quot;23&quot;:{&quot;block_quantity&quot;:150,&quot;block_type&quot;:58,&quot;index_key&quot;:23},&quot;24&quot;:{&quot;block_quantity&quot;:150,&quot;block_type&quot;:59,&quot;index_key&quot;:24},&quot;25&quot;:{&quot;block_quantity&quot;:150,&quot;block_type&quot;:60,&quot;index_key&quot;:25},&quot;26&quot;:{&quot;block_quantity&quot;:150,&quot;block_type&quot;:61,&quot;index_key&quot;:26},&quot;27&quot;:{&quot;block_quantity&quot;:150,&quot;block_type&quot;:62,&quot;index_key&quot;:27},&quot;28&quot;:{&quot;block_quantity&quot;:150,&quot;block_type&quot;:63,&quot;index_key&quot;:28},&quot;29&quot;:{&quot;block_quantity&quot;:150,&quot;block_type&quot;:64,&quot;index_key&quot;:29},&quot;3&quot;:{&quot;block_quantity&quot;:150,&quot;block_type&quot;:98,&quot;index_key&quot;:3},&quot;30&quot;:{&quot;block_quantity&quot;:150,&quot;block_type&quot;:103,&quot;index_key&quot;:30},&quot;31&quot;:{&quot;block_quantity&quot;:150,&quot;block_type&quot;:104,&quot;index_key&quot;:31},&quot;32&quot;:{&quot;block_quantity&quot;:150,&quot;block_type&quot;:105,&quot;index_key&quot;:32},&quot;33&quot;:{&quot;block_quantity&quot;:150,&quot;block_type&quot;:106,&quot;index_key&quot;:33},&quot;34&quot;:{&quot;block_quantity&quot;:1,&quot;block_type&quot;:207,&quot;index_key&quot;:34},&quot;35&quot;:{&quot;block_quantity&quot;:150,&quot;block_type&quot;:275,&quot;index_key&quot;:35},&quot;36&quot;:{&quot;block_quantity&quot;:150,&quot;block_type&quot;:276,&quot;index_key&quot;:36},&quot;37&quot;:{&quot;block_quantity&quot;:150,&quot;block_type&quot;:277,&quot;index_key&quot;:37},&quot;38&quot;:{&quot;block_quantity&quot;:150,&quot;block_type&quot;:12,&quot;index_key&quot;:38},&quot;39&quot;:{&quot;block_quantity&quot;:150,&quot;block_type&quot;:7,&quot;index_key&quot;:39},&quot;4&quot;:{&quot;block_quantity&quot;:150,&quot;block_type&quot;:4,&quot;index_key&quot;:4},&quot;40&quot;:{&quot;block_quantity&quot;:150,&quot;block_type&quot;:40,&quot;index_key&quot;:40},&quot;41&quot;:{&quot;block_quantity&quot;:150,&quot;block_type&quot;:41,&quot;index_key&quot;:41},&quot;42&quot;:{&quot;block_quantity&quot;:150,&quot;block_type&quot;:42,&quot;index_key&quot;:42},&quot;43&quot;:{&quot;block_quantity&quot;:150,&quot;block_type&quot;:43,&quot;index_key&quot;:43},&quot;44&quot;:{&quot;block_quantity&quot;:150,&quot;block_type&quot;:44,&quot;index_key&quot;:44},&quot;45&quot;:{&quot;block_quantity&quot;:150,&quot;block_type&quot;:45,&quot;index_key&quot;:45},&quot;46&quot;:{&quot;block_quantity&quot;:150,&quot;block_type&quot;:46,&quot;index_key&quot;:46},&quot;47&quot;:{&quot;block_quantity&quot;:150,&quot;block_type&quot;:47,&quot;index_key&quot;:47},&quot;48&quot;:{&quot;block_quantity&quot;:150,&quot;block_type&quot;:48,&quot;index_key&quot;:48},&quot;49&quot;:{&quot;block_quantity&quot;:150,&quot;block_type&quot;:49,&quot;index_key&quot;:49},&quot;5&quot;:{&quot;block_quantity&quot;:150,&quot;block_type&quot;:5,&quot;index_key&quot;:5},&quot;50&quot;:{&quot;block_quantity&quot;:150,&quot;block_type&quot;:51,&quot;index_key&quot;:50},&quot;51&quot;:{&quot;block_quantity&quot;:150,&quot;block_type&quot;:52,&quot;index_key&quot;:51},&quot;52&quot;:{&quot;block_quantity&quot;:150,&quot;block_type&quot;:53,&quot;index_key&quot;:52},&quot;53&quot;:{&quot;block_quantity&quot;:150,&quot;block_type&quot;:54,&quot;index_key&quot;:53},&quot;54&quot;:{&quot;block_quantity&quot;:150,&quot;block_type&quot;:55,&quot;index_key&quot;:54},&quot;55&quot;:{&quot;block_quantity&quot;:150,&quot;block_type&quot;:56,&quot;index_key&quot;:55},&quot;6&quot;:{&quot;block_quantity&quot;:150,&quot;block_type&quot;:17,&quot;index_key&quot;:6},&quot;60&quot;:{&quot;block_quantity&quot;:150,&quot;block_type&quot;:25,&quot;index_key&quot;:60},&quot;61&quot;:{&quot;block_quantity&quot;:150,&quot;block_type&quot;:26,&quot;index_key&quot;:61},&quot;62&quot;:{&quot;block_quantity&quot;:150,&quot;block_type&quot;:33,&quot;index_key&quot;:62},&quot;63&quot;:{&quot;block_quantity&quot;:150,&quot;block_type&quot;:27,&quot;index_key&quot;:63},&quot;64&quot;:{&quot;block_quantity&quot;:150,&quot;block_type&quot;:29,&quot;index_key&quot;:64},&quot;65&quot;:{&quot;block_quantity&quot;:150,&quot;block_type&quot;:31,&quot;index_key&quot;:65},&quot;66&quot;:{&quot;block_quantity&quot;:150,&quot;block_type&quot;:32,&quot;index_key&quot;:66},&quot;67&quot;:{&quot;block_quantity&quot;:150,&quot;block_type&quot;:28,&quot;index_key&quot;:67},&quot;68&quot;:{&quot;block_quantity&quot;:150,&quot;block_type&quot;:34,&quot;index_key&quot;:68},&quot;69&quot;:{&quot;block_quantity&quot;:150,&quot;block_type&quot;:35,&quot;index_key&quot;:69},&quot;7&quot;:{&quot;block_quantity&quot;:150,&quot;block_type&quot;:18,&quot;index_key&quot;:7},&quot;70&quot;:{&quot;block_quantity&quot;:150,&quot;block_type&quot;:36,&quot;index_key&quot;:70},&quot;71&quot;:{&quot;block_quantity&quot;:150,&quot;block_type&quot;:37,&quot;index_key&quot;:71},&quot;72&quot;:{&quot;block_quantity&quot;:150,&quot;block_type&quot;:38,&quot;index_key&quot;:72},&quot;73&quot;:{&quot;block_quantity&quot;:150,&quot;block_type&quot;:39,&quot;index_key&quot;:73},&quot;74&quot;:{&quot;block_quantity&quot;:150,&quot;block_type&quot;:30,&quot;index_key&quot;:74},&quot;75&quot;:{&quot;block_quantity&quot;:150,&quot;block_type&quot;:67,&quot;index_key&quot;:75},&quot;76&quot;:{&quot;block_quantity&quot;:150,&quot;block_type&quot;:68,&quot;index_key&quot;:76},&quot;77&quot;:{&quot;block_quantity&quot;:150,&quot;block_type&quot;:69,&quot;index_key&quot;:77},&quot;8&quot;:{&quot;block_quantity&quot;:150,&quot;block_type&quot;:19,&quot;index_key&quot;:8},&quot;80&quot;:{&quot;block_quantity&quot;:150,&quot;block_type&quot;:727,&quot;index_key&quot;:80},&quot;81&quot;:{&quot;block_quantity&quot;:150,&quot;block_type&quot;:755,&quot;index_key&quot;:81},&quot;82&quot;:{&quot;block_quantity&quot;:150,&quot;block_type&quot;:77,&quot;index_key&quot;:82},&quot;83&quot;:{&quot;block_quantity&quot;:150,&quot;block_type&quot;:78,&quot;index_key&quot;:83},&quot;84&quot;:{&quot;block_quantity&quot;:150,&quot;block_type&quot;:79,&quot;index_key&quot;:84},&quot;85&quot;:{&quot;block_quantity&quot;:150,&quot;block_type&quot;:71,&quot;index_key&quot;:85},&quot;86&quot;:{&quot;block_quantity&quot;:150,&quot;block_type&quot;:85,&quot;index_key&quot;:86},&quot;87&quot;:{&quot;block_quantity&quot;:150,&quot;block_type&quot;:72,&quot;index_key&quot;:87},&quot;88&quot;:{&quot;block_quantity&quot;:150,&quot;block_type&quot;:73,&quot;index_key&quot;:88},&quot;89&quot;:{&quot;block_quantity&quot;:150,&quot;block_type&quot;:86,&quot;index_key&quot;:89},&quot;9&quot;:{&quot;block_quantity&quot;:150,&quot;block_type&quot;:20,&quot;index_key&quot;:9},&quot;90&quot;:{&quot;block_quantity&quot;:150,&quot;block_type&quot;:75,&quot;index_key&quot;:90},&quot;91&quot;:{&quot;block_quantity&quot;:150,&quot;block_type&quot;:81,&quot;index_key&quot;:91},&quot;92&quot;:{&quot;block_quantity&quot;:150,&quot;block_type&quot;:82,&quot;index_key&quot;:92},&quot;93&quot;:{&quot;block_quantity&quot;:150,&quot;block_type&quot;:87,&quot;index_key&quot;:93},&quot;94&quot;:{&quot;block_quantity&quot;:150,&quot;block_type&quot;:76,&quot;index_key&quot;:94},&quot;95&quot;:{&quot;block_quantity&quot;:150,&quot;block_type&quot;:74,&quot;index_key&quot;:95},&quot;96&quot;:{&quot;block_quantity&quot;:150,&quot;block_type&quot;:83,&quot;index_key&quot;:96},&quot;97&quot;:{&quot;block_quantity&quot;:150,&quot;block_type&quot;:80,&quot;index_key&quot;:97},&quot;98&quot;:{&quot;block_quantity&quot;:150,&quot;block_type&quot;:89,&quot;index_key&quot;:98},&quot;99&quot;:{&quot;block_quantity&quot;:150,&quot;block_type&quot;:88,&quot;index_key&quot;:99}}</string>
    <string name="Building.TotalBuilded">p&amp;c|nglmxsxmwp&amp;*4+0t{dUkdOwwdlpomp=?-5:om|n#.%9'eyfcjb`d'453,hvsTfgn&lt;5552tuxqiw}mszJar~-; /'oq|qapqghkgRksqd6/%)%{ubtmn5?&gt;)=mkk|n`ppr-?)&lt;4zq{alujX{asf(51&lt;!fc\iprpm'')4/hwdu|Jfqfj6+;-)slibz|Uwat&amp;8 2-`~ifm(084&lt;&amp;bulys8-; /'hddoq&amp;=?-5:hetcdxJajp}f311'5cowr,0/8)cm}zjkFwwm|084&lt;&amp;`}aani&gt;#*3)/drkm||7?#(!.uju||v6%&quot;$=)fyr`e4=4:36lvgtu='# :;~`ga{7%(%%%b`m|zrbly=?%3'uvm~i0?187}ps:.#'#byk,?/&quot;(vggeox}&gt;'# :;pane}md 737&amp;-hcod`j~,'//)?uyrkwZi{`f`%&quot;$=)mjebkZw{~=.;( }a}b|O~lmM`&amp;*4+0y``b{iovvh!'/)7rdsjqbb0?187xdusqe);;;'cdek(%$'&amp;oxrc'# :;w{eld[psajo(51&lt;!ulqiw`{pk?#(!.bldf7/5+:dxx`Tcjy`m,0/8)t{cabl}uIvfMemje%(%%%ylioli/9-3'fwlm;&quot;= 0vuuwy`%&quot;$=)rtxkkZw{~=.:( bj`k|O~lmM`&amp;*4+0afpdPiqoi/9-3'b~q~qlb{ww#.%9'p}x});:;'ymvzo@|dqqt&lt;55d</string>
    <boolean name="tutorialStepExecuted_PresentVillageProfile" value="true" />
    <int name="villageInfoBadgeColorID" value="4" />
    <int name="playerXP" value="999999999" />
    <string name="[Server_Connection]LastFetchedFamousBuildingPrices">p&amp;cc}Pa|Obkp}otxa%($;2:##rjbRaxq'/,2(5:o~skeq{wpugKvjun5?&lt;2*&gt;&amp;=wcmay{aZpdlx;(14 4+0vgX~`vuq'72(/59=axxleSaq`f7/07(83nhmq`bZka}zf)&gt;4#+#'~oz}||]cqpb0/;7:?-2kjaodhjz{''+-= 0h`np7??-$=)qjeqf`qad=.912!2-upcwFm}uab&amp;=#$97&amp;-qiqd`jyzZzyZzpbl.(41$%9'pp}en^cxp}`=4=*$v</string>
    <boolean name="tutorialStepFinished_FirstBlock" value="true" />
    <boolean name="tutorialStepFinished_JoystickMovement" value="true" />
    <string name="Player_LastRecordedAwardedDate">1641955883.000000</string>
    <string name="Building.TotalIssued">p&amp;c|nglmxsxmwp&amp;*4+0t{dUkdOwwdlpomp=?-5:om|n#.%9'eyfcjb`d'453,hvsTfgn&lt;5552tuxqiw}mszJar~-; /'oq|qapqghkgRksqd6/%)%{ubtmn5?&gt;)=mkk|n`ppr-?)&lt;4zq{alujX{asf(51&lt;!fc\iprpm'')4/hwdu|Jfqfj6+;-)slibz|Uwat&amp;8 2-`~ifm(084&lt;&amp;bulys8-; /'hddoq&amp;=?-5:hetcdxJajp}f311'5cowr,0/8)cm}zjkFwwm|084&lt;&amp;`}aani&gt;#*3)/drkm||7?#(!.uju||v6%&quot;$=)fyr`e4=4:36lvgtu='# :;~`ga{7%(%%%b`m|zrbly=?%3'uvm~i0?187}ps:. '#byk,?/&quot;(vggeox}&gt;'# :;pane}md 737&amp;-hcod`j~,'//)?uyrkwZi{`f`%&quot;$=)mjebkZw{~=.;( }a}b|O~lmM`&amp;*4+0y``b{iovvh!'/)7rdsjqbb0?187xdusqe);;;'cdek(%$'&amp;oxrc'# :;w{eld[psajo(51&lt;!ulqiw`{pk?#(!.bldf7/5+:dxx`Tcjy`m,0/8)t{cabl}uIvfMemje%(%%%ylioli/9-3'fwlm;&quot;= 0vuuwy`%&quot;$=)rtxkkZw{~=.:( bj`k|O~lmM`&amp;*4+0afpdPiqoi/9-3'b~q~qlb{ww#.%9'p}x});;;'ymvzo@|dqqt&lt;55d</string>
    <boolean name="tutorialStepFinished_CameraMovement" value="true" />
    <boolean name="tutorialStepFinished_OpenInventory" value="true" />
    <int name="PiggyBankData_CollectedGems" value="999999999" />
    <boolean name="tutorialStepExecuted_PresentGemShop" value="true" />
    <string name="avatarHead"></string>
    <boolean name="tutorialStepFinished_BuildHut" value="true" />
    <string name="cross-ads-assets-cache-background">/data/user/0/com.fungames.blockcraft/cache/skywarriors_globallaunch_background_en.png</string>
    <boolean name="tutorialStepFinished_SelectBlock" value="true" />
    <boolean name="FirstSessionEver" value="false" />
    <string name="villageInfoVillageName">TatsumaYakoshi</string>
    <boolean name="EngineSunlightEnabled" value="true" />
    <string name="[Server_Connection]LastFetchedNpcShopPrices">p&amp;cr}jvjodp|a &gt;k&amp;fqvlty`si\babyvpf@4?# =&lt;&gt;'`wvpvtwfhTljp`QvkolyK:&amp;8 +?552wzzwqwov~MxlccjwqoZ~lq{lpmZnnwrhM4#.$ 5746phbndvawfQzvw`eztA&gt;'#&amp;&amp;)50cgsataz{~Uyh{jkj\|g`J.'' (= 0dbwpfvhjmN|hqvwjZlzkyrT5 +/?5)m:;qsvw2&gt;|0}hsUnrdqjcbhkZ$=?$)(!.zduKvtuX)6+81;;'fdkQipcik{N/-?/ &amp;5;zcpOb6b|eh~P029&lt;=31=mtkZpxghS#';-%%)%pueTlnslks~bypxomgcA&gt;'#)&amp;)50jed[j{{`imP0297=31=mtkZnvtieww^%7/&lt;7(83c`tHv{uz|bzfd[33$65)&lt;4qxf]ryon|rV6(57 3)/k|kZbvz|k|R=0?4$%h)%huntr)-~,u~`~lKjwvcqadldI(;(36 4+0ehi~|^rbvffi}dysuqxah~M4#.$'5746ajotdZlijkU.6112=&lt;pdwdeF{~waO6%(%%%znodpZoohzZ&amp;=?,)(!.bdo`fJgkmqN?#1%5&gt;)=~kq`x[`}kjZj{ikmM3&amp;*57&quot;9+wkauc\gavx@v~vwiF*/6&quot;)#dt{qtGvcdvT&amp;'46/&gt;&amp;=djjvbAljnry`F# &gt;$47&gt;7yfd{rO`jzarfZftlomG&lt;.(11$97ufv`bTg:glbjkQ;=.:62!2-ux~bjFupaujXa~`u~P0296=31=utqqnFulkwZ06/$77(83{`ecvQh~io@&amp;)&gt;3#.?);`wwma]iu`nwchky`mtj`r\,=?$-5-5:}m|qrKzgdigqNxjbeqQ4=4?/$'&amp;rpp{vFcyzzwpt|e~wgV6(50&quot;35!!m~kalZnvtieww^%7/45($=)qjyq}Zl{zzfcap~A&gt;'#!$))&gt; tqjsaJvnafow\4/9+/59=u|wl~Sdlj}{rZ5:.';1'5uokk}Uh}qepuA&gt;'#(&amp;)50re~ptMb`}k}eO1'7;-/x9=vupjys0?z6f}lulKpxuyxkopkQ;=.242=&lt;|mpbbF{sqoupesyewfnxuqZ&lt;!'&amp;5%3'nqqrxMgmapJ4%&quot;!!'#xhl|q@mehvd}] &lt;56) :;jzkvd[d}bkhsP3296=31=v}vwiF|xbudsqpfZ6:. &gt;1'5vflmzUy%{mn~jP4;*/))&gt; wxmufJnuojoO2'76-3'fwlomGj~w`oK'7?2(83xibeqQivibkKihwtA&gt;'# :;jzkvd[jsrlX;-;)35!!nwlgkZp||diddmgzyan}fN:#1.5&gt;)=}bvft[rxpdZ(2,,)&gt; wxmufJyndd^&quot;!?=/?lm|mqBk}iS#';$97voqfeTrdtfkwobkfqy[33$65)&lt;4jq{ppOwh~q`bxP029&lt;=31=v}vwiFkx|wwiqgzZ6:.(;1'5vflmzUi}`mlvA&gt;'#&amp;&amp;)50qlyvsMb`}k}eO2'77-/x9=vuv}~.(~|87fnnvg31z)dngk@lefK:&amp;8!2-vryxF{}{[&quot;&amp;=&quot;9+tafoOajt\.=?%3'nrqcSulsxJ$'=(83xjbyZilmbU-614.3mdlwOqpk~]72&gt;7oh</string>
    <string name="Goal:BETA_BASICS">COMPLETED</string>
    <int name="ageConsent" value="14" />
    <boolean name="tutorialStepFinished_SelectBuildingWithGems" value="true" />
    <boolean name="tutorialStepFinished_MoveBlueprint" value="true" />
    <int name="villageInfoBadgeID" value="2" />
    <string name="blockCraft_UserID">C5300FF7-87A0-44B5-A974-C437790114CD</string>
    <string name="ServerConnection_buildingTags">P&amp;dps`pj2:;{sqms&amp;+0fdffc#&lt;!vylsz'9=mrlkdbu'-6xpanmy3'#f~ib'3,~pcnv =&lt;xjvt45;tcv}&amp;+0bhso}#&lt;!hlqvzq73'qxjji0)#gatanmy3'#nyqkwkocqynjv32-dwy{xu0.&amp;cadgg`ss--2fax`|klzq'1;zlby'-6v}pu{|3'#lxskwqcoq`)( akm'52qk|wi&amp;&lt;&amp;`}aani--2fbtsi=)7vvqxudo0X</string>
    <string name="VersionsPlayed">{&quot;1026&quot;:1}</string>
    <boolean name="tutorialStepFinished_PlaceBlueprintWithGems" value="true" />
    <boolean name="CrossAdsPopupAlreadyDisplayed" value="true" />
    <string name="Goal:BETA_v1_FIRST_WELL">COMPLETED</string>
    <boolean name="tutorialStepFinished_PlaceBlock" value="true" />
    <string name="villageInfoUserID">C5300FF7-87A0-44B5-A974-C437790114CD</string>
    <string name="Goal:BETA_v1_BUILD_HUT">COMPLETED</string>
    <boolean name="addedTutorialBlocks" value="true" />
    <boolean name="tutorialStepFinished_PlaceBlueprint" value="true" />
    <string name="avatarFeet"></string>
    <boolean name="NotificationPermissionRequested" value="true" />
    <string name="[ServerConnection]_UserServerPassword_Production">EIfN6XWZyvcTBCtH9cpSFKEbgJI6yJ</string>
    <boolean name="tutorialStepExecuted_PresentGacha" value="true" />
    <string name="Goal:BETA_v1_BUILD_FARM">ACTIVE</string>
    <string name="PiggyBankData_CurrentId">67e2aba9-9096-414f-b517-882cf92656f7</string>
    <boolean name="tutorialStepExecuted_PresentExploreVillages" value="true" />
    <boolean name="tutorialStepFinished_OpenBuildingShopWithGems" value="true" />
    <float name="TimeOfDay" value="0.692719" />
    <boolean name="tutorialStepFinished_BuildStoneHut" value="true" />
    <boolean name="AnsweredKeychainRecover" value="true" />
    <string name="Buildings">{&quot;{\&quot;x\&quot;:-74,\&quot;y\&quot;:11,\&quot;z\&quot;:197}&quot;:&quot;{\&quot;completion\&quot;:true,\&quot;position\&quot;:{\&quot;x\&quot;:-74,\&quot;y\&quot;:11,\&quot;z\&quot;:197},\&quot;rotation\&quot;:0,\&quot;type\&quot;:\&quot;hut-2\&quot;}&quot;,&quot;{\&quot;x\&quot;:-81,\&quot;y\&quot;:11,\&quot;z\&quot;:212}&quot;:&quot;{\&quot;completion\&quot;:true,\&quot;position\&quot;:{\&quot;x\&quot;:-81,\&quot;y\&quot;:11,\&quot;z\&quot;:212},\&quot;rotation\&quot;:0,\&quot;type\&quot;:\&quot;digger_hut-1\&quot;}&quot;,&quot;{\&quot;x\&quot;:-83,\&quot;y\&quot;:11,\&quot;z\&quot;:190}&quot;:&quot;{\&quot;completion\&quot;:true,\&quot;position\&quot;:{\&quot;x\&quot;:-83,\&quot;y\&quot;:11,\&quot;z\&quot;:190},\&quot;rotation\&quot;:1,\&quot;type\&quot;:\&quot;hut-2\&quot;}&quot;,&quot;{\&quot;x\&quot;:-83,\&quot;y\&quot;:11,\&quot;z\&quot;:198}&quot;:&quot;{\&quot;completion\&quot;:true,\&quot;position\&quot;:{\&quot;x\&quot;:-83,\&quot;y\&quot;:11,\&quot;z\&quot;:198},\&quot;rotation\&quot;:0,\&quot;type\&quot;:\&quot;stone_hut-1\&quot;}&quot;,&quot;{\&quot;x\&quot;:-90,\&quot;y\&quot;:11,\&quot;z\&quot;:193}&quot;:&quot;{\&quot;completion\&quot;:true,\&quot;position\&quot;:{\&quot;x\&quot;:-90,\&quot;y\&quot;:11,\&quot;z\&quot;:193},\&quot;rotation\&quot;:0,\&quot;type\&quot;:\&quot;well-2\&quot;}&quot;}</string>
    <boolean name="tutorialStepFinished_BuildWell" value="true" />
    <string name="avatarHands"></string>
    <string name="avatarLegs">pants_blue_2</string>
    <string name="Goal:BETA_v1_FIRST_BLUEPRINT">COMPLETED</string>
    <boolean name="tutorialStepFinished_SelectBuilding" value="true" />
    <boolean name="tutorialStepFinished_HoldDevice" value="true" />
    <int name="playerTeleports" value="10" />
    <string name="Goal:BETA_v1_PARTIAL_HUT">COMPLETED</string>
    <boolean name="tutorialStepFinished_JoystickJump" value="true" />
    <string name="Goal:BETA_v1_USE_GEMS">COMPLETED</string>
    <boolean name="tutorialStepFinished_Started" value="true" />
</map>
