<?xml version='1.0' encoding='utf-8' standalone='yes' ?>
<map>
    <int name="UnityGraphicsQuality" value="1" />
    <int name="AlolanVulpix-Unlocked" value="1" />
    <int name="Hoppip-Unlocked" value="1" />
    <int name="Togepi-Unlocked" value="1" />
    <int name="AnnouncedAllUnlocked" value="1" />
    <int name="Screenmanager%20Resolution%20Width" value="1998" />
    <int name="UIManager_Lounge-SeenIntro" value="1" />
    <int name="Pichu-Unlocked" value="1" />
    <int name="Hoothoot-Unlocked" value="1" />
    <int name="numCracksEarned" value="1" />
    <int name="Cleffa-Unlocked" value="1" />
    <int name="Rockruff-Unlocked" value="1" />
    <int name="UIManager_Playground-SeenIntro" value="1" />
    <int name="Turtwig-Unlocked" value="1" />
    <int name="Bounsweet-Unlocked" value="1" />
    <int name="SeenCelebration" value="1" />
    <int name="Munchlax-Unlocked" value="1" />
    <int name="Chansey-Unlocked" value="1" />
    <int name="Combee-Unlocked" value="1" />
    <int name="__UNITY_PLAYERPREFS_VERSION__" value="1" />
    <int name="Wooper-Unlocked" value="1" />
    <int name="Tepig-Unlocked" value="1" />
    <int name="ZygardeCore-Unlocked" value="1" />
    <int name="Magikarp-Unlocked" value="1" />
    <int name="Mudkip-Unlocked" value="1" />
    <int name="Rowlet-Unlocked" value="1" />
    <int name="Meowth-Unlocked" value="1" />
    <int name="Chikorita-Unlocked" value="1" />
    <int name="Froakie-Unlocked" value="1" />
    <int name="Grubbin-Unlocked" value="1" />
    <int name="Snubbull-Unlocked" value="1" />
    <int name="Litten-Unlocked" value="1" />
    <int name="Chespin-Unlocked" value="1" />
    <int name="Snivy-Unlocked" value="1" />
    <int name="Wobbuffet-Unlocked" value="1" />
    <int name="Oshawott-Unlocked" value="1" />
    <int name="Screenmanager%20Resolution%20Height" value="1080" />
    <int name="Piplup-Unlocked" value="1" />
    <int name="Eevee-Unlocked" value="1" />
    <int name="UIManager_Grooming-SeenIntro" value="1" />
    <int name="Popplio-Unlocked" value="1" />
    <int name="Pyukumuku-Unlocked" value="1" />
    <int name="Pikachu-Unlocked" value="1" />
    <int name="Bulbasaur-Unlocked" value="1" />
    <int name="UIManager_Registry-SeenIntro" value="1" />
    <int name="UIManager_Hub-SeenSecondaryIntro" value="1" />
    <int name="Teddiursa-Unlocked" value="1" />
    <int name="UIManager_Flashlight-SeenIntro" value="1" />
    <int name="UIManager_Hub-SeenIntro" value="1" />
    <int name="Squirtle-Unlocked" value="1" />
    <int name="AlolanSandshrew-Unlocked" value="1" />
    <int name="Cyndaquil-Unlocked" value="1" />
    <int name="UIManager_Tower-SeenIntro" value="1" />
    <int name="AlolanRaichu-Unlocked" value="1" />
    <int name="Snorlax-Unlocked" value="1" />
    <int name="UIManager_Puzzles-SeenIntro" value="1" />
    <int name="Torchic-Unlocked" value="1" />
    <int name="Pikipek-Unlocked" value="1" />
    <int name="Delibird-Unlocked" value="1" />
    <int name="Komala-Unlocked" value="1" />
    <int name="Togedemaru-Unlocked" value="1" />
    <int name="Salandit-Unlocked" value="1" />
    <int name="UIManager_Stars-SeenIntro" value="1" />
    <int name="Screenmanager%20Fullscreen%20mode" value="-1" />
    <int name="Charmander-Unlocked" value="1" />
    <int name="Treecko-Unlocked" value="1" />
    <int name="Smeargle-Unlocked" value="1" />
    <int name="UIManager_Tunes-SeenIntro" value="1" />
    <int name="Fennekin-Unlocked" value="1" />
    <int name="Chimchar-Unlocked" value="1" />
    <int name="UIManager_Playroom-SeenIntro" value="1" />
    <int name="UIManager_Feeding-SeenIntro" value="1" />
    <int name="Totodile-Unlocked" value="1" />
</map>
