<?xml version='1.0' encoding='utf-8' standalone='yes' ?>
<map>
    <string name="46-Lambo1_tireGroup">%7B%22selectRimId%22%3A%22Rim4%22%2C%22ownerRimIdList%22%3A%5B%22Rim4%22%5D%2C%22selectTireId%22%3A%22L%22%2C%22ownerTireIdList%22%3A%5B%22L%22%2C%22S%22%2C%22M%22%2C%22XL%22%5D%2C%22selectTireMaterialId%22%3A%22Tire%20Materials15%22%2C%22ownerTireMaterialsIdList%22%3A%5B%22Tire%20Materials15%22%5D%2C%22ownerColorRimList%22%3A%5B%7B%22id%22%3A%22Rim4%22%2C%22color%22%3A%7B%22r%22%3A0.6446998715400696%2C%22g%22%3A0.22236402332782746%2C%22b%22%3A0.22236402332782746%2C%22a%22%3A1.0%7D%2C%22metallic%22%3A0.4000000059604645%2C%22smoothness%22%3A1.0%7D%5D%7D</string>
    <int name="Screenmanager%20Resolution%20Height" value="823" />
    <string name="46-Lambo1_roofScopePart">%7B%22selectId%22%3A%22Default%22%2C%22ownerIdList%22%3A%5B%22Default%22%5D%2C%22colorPrefDataList%22%3A%5B%5D%7D</string>
    <string name="unity.player_sessionid">2589486244549769165</string>
    <string name="46-Lambo1_platePart">%7B%22selectId%22%3A%22Part5%22%2C%22ownerIdList%22%3A%5B%22Default%22%2C%22Part3%22%2C%22Part5%22%5D%2C%22colorPrefDataList%22%3A%5B%5D%7D</string>
    <string name="48-Venom_CarNeon">%7B%22colorPrefData%22%3A%7B%22id%22%3A%22%22%2C%22color%22%3A%7B%22r%22%3A1.0%2C%22g%22%3A0.0%2C%22b%22%3A0.0%2C%22a%22%3A0.3921568691730499%7D%2C%22metallic%22%3A1.0%2C%22smoothness%22%3A1.0%7D%7D</string>
    <string name="FirstAdmob%3A-2056646480">1</string>
    <string name="FirstInit_LangueManager">Finish</string>
    <int name="Screenmanager%20Resolution%20Width" value="1752" />
    <string name="DriveClub_Vesion">V1.7</string>
    <string name="48-Venom_glassColor">%7B%22colorPrefData%22%3A%7B%22id%22%3A%22%22%2C%22color%22%3A%7B%22r%22%3A0.9663897752761841%2C%22g%22%3A0.06781362742185593%2C%22b%22%3A0.06781362742185593%2C%22a%22%3A0.0%7D%2C%22metallic%22%3A0.8500000238418579%2C%22smoothness%22%3A1.0%7D%7D</string>
    <string name="46-Lambo1_CarSeamles">%7B%22selectId%22%3A%22Default%22%2C%22ownerIdList%22%3A%5B%5D%2C%22colorPrefData%22%3A%7B%22id%22%3A%22%22%2C%22color%22%3A%7B%22r%22%3A0.0%2C%22g%22%3A0.0%2C%22b%22%3A0.0%2C%22a%22%3A1.0%7D%2C%22metallic%22%3A0.4519999921321869%2C%22smoothness%22%3A0.8899999856948853%7D%7D</string>
    <string name="49-RM%20Lambo_tireGroup">%7B%22selectRimId%22%3A%22Rim_1%22%2C%22ownerRimIdList%22%3A%5B%22Rim_1%22%5D%2C%22selectTireId%22%3A%22L%22%2C%22ownerTireIdList%22%3A%5B%22L%22%2C%22S%22%2C%22M%22%2C%22XL%22%5D%2C%22selectTireMaterialId%22%3A%22Tire%20Materials15%22%2C%22ownerTireMaterialsIdList%22%3A%5B%22Tire%20Materials10%22%2C%22Tire%20Materials15%22%5D%2C%22ownerColorRimList%22%3A%5B%7B%22id%22%3A%22Rim_1%22%2C%22color%22%3A%7B%22r%22%3A1.0%2C%22g%22%3A0.7485589385032654%2C%22b%22%3A0.0%2C%22a%22%3A1.0%7D%2C%22metallic%22%3A1.0%2C%22smoothness%22%3A1.0%7D%5D%7D</string>
    <string name="48-Venom_platePart">%7B%22selectId%22%3A%22Part5%22%2C%22ownerIdList%22%3A%5B%22Default%22%2C%22Part5%22%5D%2C%22colorPrefDataList%22%3A%5B%5D%7D</string>
    <int name="LanguageSaveFile" value="10" />
    <string name="48-Venom_CarSeamles">%7B%22selectId%22%3A%22Default%22%2C%22ownerIdList%22%3A%5B%5D%2C%22colorPrefData%22%3A%7B%22id%22%3A%22%22%2C%22color%22%3A%7B%22r%22%3A0.0%2C%22g%22%3A0.0%2C%22b%22%3A0.0%2C%22a%22%3A1.0%7D%2C%22metallic%22%3A0.39800000190734866%2C%22smoothness%22%3A0.6320000290870667%7D%7D</string>
    <string name="PlayerName">TatsumaYakoshi</string>
    <string name="46-Lambo1_CarNeon">%7B%22colorPrefData%22%3A%7B%22id%22%3A%22%22%2C%22color%22%3A%7B%22r%22%3A1.0%2C%22g%22%3A0.0%2C%22b%22%3A0.0%2C%22a%22%3A0.3921568691730499%7D%2C%22metallic%22%3A1.0%2C%22smoothness%22%3A1.0%7D%7D</string>
    <string name="ScenePrefabManagerKey">P_Night</string>
    <string name="unity.player_session_count">8</string>
    <int name="CurrentLevelIndex_CheckPoint" value="0" />
    <string name="CarDBPrefKey">%7B%22selectId%22%3A%22RM%20Lambo%22%2C%22selectTestCarId%22%3A%22%22%2C%22ownerIdList%22%3A%5B%22M3%20Coupe%22%2C%22Golp%22%2C%22JDM%201%22%2C%22AsiretPaket%22%2C%22TT%22%2C%22E30%22%2C%22JDM%204%22%2C%22OLD%20Car%2022%22%2C%22Mini%22%2C%22M%20Lancer%22%2C%22Old%20Muslang%22%2C%22Van%22%2C%22TYPE-R%22%2C%22JDM%203%22%2C%22A5%22%2C%22M4%20Coupe%22%2C%22350z%22%2C%22Old%20Suqra%22%2C%22JDM%202%22%2C%22Chevrolet%20Suv%22%2C%22Muslang%22%2C%22Camaro%22%2C%22Charger%22%2C%22Suqra%22%2C%22M%20X%20Class%22%2C%22Challanger%22%2C%22Range%20Veler%22%2C%22BRZ%22%2C%22C%20Class%22%2C%22Q8%22%2C%22Skyline%22%2C%22Audi%20tt%22%2C%22Old%20Porshe%22%2C%22S%20Coupe%22%2C%22Hamur%22%2C%22GT-R%22%2C%22Panamera%22%2C%22AMG%20GT%2063s%22%2C%22RS%206%22%2C%22M8%22%2C%22i8%22%2C%22Ferro%22%2C%22M%20S%20Class%22%2C%22RR%20Class%22%2C%22G%20Class%22%2C%22Lambo1%22%2C%22Bugatti%22%2C%22Venom%22%2C%22RM%20Lambo%22%5D%7D</string>
    <string name="49-RM%20Lambo_CarSeamles">%7B%22selectId%22%3A%2211%20-%20Seamless%20Texture%22%2C%22ownerIdList%22%3A%5B%2211%20-%20Seamless%20Texture%22%5D%2C%22colorPrefData%22%3A%7B%22id%22%3A%22%22%2C%22color%22%3A%7B%22r%22%3A1.0%2C%22g%22%3A1.0%2C%22b%22%3A1.0%2C%22a%22%3A1.0%7D%2C%22metallic%22%3A1.0%2C%22smoothness%22%3A0.7533058524131775%7D%7D</string>
    <string name="46-Lambo1_spoilerPart">%7B%22selectId%22%3A%22Part3%22%2C%22ownerIdList%22%3A%5B%22Default%22%2C%22Part3%22%5D%2C%22colorPrefDataList%22%3A%5B%5D%7D</string>
    <int name="__UNITY_PLAYERPREFS_VERSION__" value="1" />
    <string name="unity.cloud_userid">f0076d7cf8c418e1e8ae646a705fecbd</string>
    <string name="SoundSettingsPrefKey">%7B%22mainValume%22%3A1.0%2C%22musicValume%22%3A1.0%2C%22engineValume%22%3A1.0%7D</string>
    <int name="Screenmanager%20Fullscreen%20mode" value="-1" />
    <string name="49-RM%20Lambo_CarNeon">%7B%22colorPrefData%22%3A%7B%22id%22%3A%22%22%2C%22color%22%3A%7B%22r%22%3A1.0%2C%22g%22%3A0.531818151473999%2C%22b%22%3A0.0%2C%22a%22%3A0.3921568691730499%7D%2C%22metallic%22%3A1.0%2C%22smoothness%22%3A1.0%7D%7D</string>
    <string name="48-Venom_tireGroup">%7B%22selectRimId%22%3A%22Rim7%22%2C%22ownerRimIdList%22%3A%5B%22Rim7%22%5D%2C%22selectTireId%22%3A%22L%22%2C%22ownerTireIdList%22%3A%5B%22L%22%2C%22S%22%2C%22M%22%2C%22XL%22%5D%2C%22selectTireMaterialId%22%3A%22Tire%20Materials11%22%2C%22ownerTireMaterialsIdList%22%3A%5B%22Tire%20Materials6%22%2C%22Tire%20Materials11%22%5D%2C%22ownerColorRimList%22%3A%5B%7B%22id%22%3A%22Rim7%22%2C%22color%22%3A%7B%22r%22%3A1.0%2C%22g%22%3A0.06832766532897949%2C%22b%22%3A0.06832766532897949%2C%22a%22%3A1.0%7D%2C%22metallic%22%3A0.9160000085830689%2C%22smoothness%22%3A0.6790000200271606%7D%5D%7D</string>
    <string name="MoneySystemData">%7B%22money%22%3A0%2C%22gold%22%3A0%2C%22diamond%22%3A0%2C%22coupon%22%3A0%7D</string>
    <string name="46-Lambo1_glassColor">%7B%22colorPrefData%22%3A%7B%22id%22%3A%22%22%2C%22color%22%3A%7B%22r%22%3A1.0%2C%22g%22%3A0.0%2C%22b%22%3A0.0%2C%22a%22%3A0.0%7D%2C%22metallic%22%3A0.4000000059604645%2C%22smoothness%22%3A1.0%7D%7D</string>
    <string name="49-RM%20Lambo_glassColor">%7B%22colorPrefData%22%3A%7B%22id%22%3A%22%22%2C%22color%22%3A%7B%22r%22%3A0.0%2C%22g%22%3A0.0%2C%22b%22%3A0.0%2C%22a%22%3A0.0%7D%2C%22metallic%22%3A0.8500000238418579%2C%22smoothness%22%3A1.0%7D%7D</string>
    <string name="DailyAwardData">%7B%22currentTargetIndex%22%3A1%2C%22completed%22%3Afalse%2C%22dailyAwardList%22%3A%5B%7B%22timeText%22%3A%2212%2F27%2F2021%2012%3A25%3A34%20PM%22%2C%22completed%22%3Atrue%7D%2C%7B%22timeText%22%3A%2212%2F29%2F2021%2012%3A25%3A38%20PM%22%2C%22completed%22%3Afalse%7D%2C%7B%22timeText%22%3A%22%22%2C%22completed%22%3Afalse%7D%2C%7B%22timeText%22%3A%22%22%2C%22completed%22%3Afalse%7D%2C%7B%22timeText%22%3A%22%22%2C%22completed%22%3Afalse%7D%2C%7B%22timeText%22%3A%22%22%2C%22completed%22%3Afalse%7D%2C%7B%22timeText%22%3A%22%22%2C%22completed%22%3Afalse%7D%5D%7D</string>
</map>
