<?xml version='1.0' encoding='utf-8' standalone='yes' ?>
<map>
    <int name="PrivacyAccepted" value="1" />
    <string name="unity.player_sessionid">8790898962707569144</string>
    <int name="NameSet" value="1" />
    <string name="unity.cloud_userid">a37fdd08cddc07924b852026f7139691</string>
    <int name="GuidSet" value="1" />
    <string name="unity.player_session_count">3</string>
    <int name="Screenmanager%20Resolution%20Width" value="1280" />
    <int name="IsFirstLoad" value="0" />
    <string name="PUNCloudBestRegion">us%3B55%3Basia%2Cau%2Ccae%2Ceu%2Cin%2Cjp%2Ckr%2Cru%2Crue%2Csa%2Ctr%2Cus%2Cusw%2Cza</string>
    <int name="ExpLevel" value="999999999" />
    <int name="ShopOpened" value="1" />
    <float name="AnimSoundVolume" value="0.5" />
    <string name="PlayerName">TatsumaYakoshi</string>
    <int name="Experience" value="0" />
    <float name="MasterVolume" value="1.0" />
    <string name="GUID">5b79e7273fe7471ae3639045c024326f</string>
    <int name="Screenmanager%20Fullscreen%20mode" value="-1" />
    <int name="Screenmanager%20Resolution%20Height" value="720" />
    <int name="Money" value="999999999" />
    <int name="__UNITY_PLAYERPREFS_VERSION__" value="1" />
    <int name="IsWaitingForRatePanel" value="0" />
</map>
