{"stats":{"starts":24,"review":0,"goldsSpend":8584,"diamondsSpend":25,"goldsEarn":178,"diamondsEarn":0,"makeBabies":5,"dies":46,"resurrects":0,"sells":6,"watchsAdverts":0,"eatCandies":2,"eatCarrots":23,"eatLollipops":1,"winTrophies":0,"played":0,"buys":10,"mutations":1,"nbDays":1},"remainingBoost":1.0,"currentTime":91394.6128897667,"freeSpeedUp":true,"purchase_list":["simple_legendary","pack_special_02","no_mosaic"],"dateTime":"-8585572172444230418","golds":999991437,"diamonds":999999980,"wheels":0.6000000834465027,"fieldRatio":0.10000000149011612,"training":{"sports":[],"State":0,"boostTime":0.0},"trophies":[{"trophy":[3,4,4,4,4,4,4,4,4,4,4,4,4]},{"trophy":[3,4,4,4,4,4,4,4,4,4,4,4,4]},{"trophy":[3,4,4,4,4,4,4,4,4,4,4,4,4]},{"trophy":[3,4,4,4,4,4,4,4,4,4,4,4,4]},{"trophy":[3,4,4,4,4,4,4,4,4,4,4,4,4]},{"trophy":[3,4,4,4,4,4,4,4,4,4,4,4,4]},{"trophy":[3,4,4,4,4,4,4,4,4,4,4,4,4]},{"trophy":[3,4,4,4,4,4,4,4,4,4,4,4,4]}],"itemsSerialized":{"rabbits":[],"mushrooms":[],"carrots":[],"candys":[{"State":0,"position":{"x":0.44310373067855837,"y":0.1864389330148697},"rotation":{"x":0.0,"y":0.7752904891967773,"z":0.0,"w":0.631604790687561},"Birth":43333.816162109375,"Color":1}],"coupons":[{"State":0,"position":{"x":0.6669884920120239,"y":0.7601555585861206},"rotation":{"x":0.0,"y":0.7257090210914612,"z":0.0,"w":0.6880017518997192},"Shape":1},{"State":0,"position":{"x":0.6669884920120239,"y":0.7601555585861206},"rotation":{"x":0.0,"y":0.7257090210914612,"z":0.0,"w":0.6880017518997192},"Shape":1},{"State":0,"position":{"x":0.4083288609981537,"y":0.4011210799217224},"rotation":{"x":0.0,"y":0.7727355360984802,"z":0.0,"w":0.6347281336784363},"Shape":1},{"State":0,"position":{"x":0.4083288609981537,"y":0.4011210799217224},"rotation":{"x":0.0,"y":0.7727355360984802,"z":0.0,"w":0.6347281336784363},"Shape":1},{"State":0,"position":{"x":0.4083288609981537,"y":0.4011210799217224},"rotation":{"x":0.0,"y":0.7727355360984802,"z":0.0,"w":0.6347281336784363},"Shape":1},{"State":0,"position":{"x":0.5952063798904419,"y":0.17413927614688874},"rotation":{"x":0.0,"y":0.705630362033844,"z":0.0,"w":0.7085801362991333},"Shape":1},{"State":0,"position":{"x":0.7654438018798828,"y":0.4966185688972473},"rotation":{"x":0.0,"y":0.7729302644729614,"z":0.0,"w":0.634490966796875},"Shape":1},{"State":0,"position":{"x":0.7654438018798828,"y":0.4966185688972473},"rotation":{"x":0.0,"y":0.7729302644729614,"z":0.0,"w":0.634490966796875},"Shape":1}],"consumables":[{"State":0,"position":{"x":0.891700267791748,"y":0.6282852292060852},"rotation":{"x":0.0,"y":0.6308767795562744,"z":0.0,"w":0.7758830189704895},"Type":4},{"State":0,"position":{"x":0.8355116844177246,"y":0.049580223858356479},"rotation":{"x":0.0,"y":0.7108197212219238,"z":0.0,"w":0.7033742070198059},"Type":4}],"permanents":[],"golds":[],"diamonds":[],"skins":[],"sets":[],"gifts":[]},"quests":[],"questDayOfYear":-1,"questSelected":14,"rewards":[{"rabbit":[{"State":0,"position":{"x":0.321200430393219,"y":0.7824138402938843},"rotation":{"x":0.0,"y":0.0,"z":0.0,"w":0.0},"dna":{"love":1.0,"sick":true,"zombie":true,"tired":1.0,"hunger":1.0,"life":1.0,"cold":1.0,"dead":true,"sleep":true,"immune":true,"dirty":1.0,"sickContagious":1.0},"apparence":{"color":7,"shape":0,"shapeColor":0},"skin1":0,"skin2":0,"skin3":0,"birth":48447.4719260931,"tombInfo":{"epitaphIndex":0,"dateTomb":0.0,"age":0.0,"ageStr":""},"skinScale":{"x":4.331955909729004,"y":5.375769138336182},"skinOffset":{"x":0.9346013069152832,"y":0.39322012662887576},"progress":{"levels":[],"energy":0.0,"currentSport":0,"updatedAtJson":0,"legendaryIndex":0},"_id":"dccf4f0612344f70","locked":false,"training":{"sports":[{"level":1.0,"trophy":[3,4,4,4,4,4,4,4,4,4,4,4,4]},{"level":1.0,"trophy":[3,4,4,4,4,4,4,4,4,4,4,4,4]},{"level":1.0,"trophy":[3,4,4,4,4,4,4,4,4,4,4,4,4]},{"level":1.0,"trophy":[3,4,4,4,4,4,4,4,4,4,4,4,4]},{"level":1.0,"trophy":[3,4,4,4,4,4,4,4,4,4,4,4,4]},{"level":1.0,"trophy":[3,4,4,4,4,4,4,4,4,4,4,4,4]}],"State":0,"boostTime":0.0},"name":"Ucekeyu"}],"mushroom":[],"carrot":[],"candy":[],"coupon":[],"consumable":[],"permanent":[],"skin":[],"gift":[],"gold":[],"diamond":[]},{"rabbit":[{"State":0,"position":{"x":0.37738096714019778,"y":0.2762298583984375},"rotation":{"x":0.0,"y":0.0,"z":0.0,"w":0.0},"dna":{"love":1.0,"sick":false,"zombie":false,"tired":1.0,"hunger":1.0,"life":1.0,"cold":1.0,"dead":false,"sleep":false,"immune":true,"dirty":1.0,"sickContagious":1.0},"apparence":{"color":6,"shape":0,"shapeColor":0},"skin1":0,"skin2":0,"skin3":0,"birth":39600.0,"tombInfo":{"epitaphIndex":0,"dateTomb":0.0,"age":0.0,"ageStr":""},"skinScale":{"x":4.149457931518555,"y":4.455009460449219},"skinOffset":{"x":0.6591196656227112,"y":0.1047678142786026},"progress":{"levels":[],"energy":0.0,"currentSport":0,"updatedAtJson":0,"legendaryIndex":0},"_id":"f5e0c81be9ed43fc","locked":false,"training":{"sports":[{"level":1.0,"trophy":[3,4,4,4,4,4,4,4,4,4,4,4,4]},{"level":1.0,"trophy":[3,4,4,4,4,4,4,4,4,4,4,4,4]},{"level":1.0,"trophy":[3,4,4,4,4,4,4,4,4,4,4,4,4]},{"level":1.0,"trophy":[3,4,4,4,4,4,4,4,4,4,4,4,4]},{"level":1.0,"trophy":[3,4,4,4,4,4,4,4,4,4,4,4,4]},{"level":1.0,"trophy":[3,4,4,4,4,4,4,4,4,4,4,4,4]}],"State":0,"boostTime":0.0},"name":"Acoh"}],"mushroom":[],"carrot":[],"candy":[],"coupon":[],"consumable":[],"permanent":[],"skin":[],"gift":[],"gold":[],"diamond":[]},{"rabbit":[],"mushroom":[],"carrot":[],"candy":[],"coupon":[],"consumable":[{"State":0,"position":{"x":0.5558368563652039,"y":0.7785168886184692},"rotation":{"x":0.0,"y":0.8115028142929077,"z":0.0,"w":0.5843484997749329},"Type":3}],"permanent":[],"skin":[],"gift":[],"gold":[],"diamond":[]},{"rabbit":[{"State":0,"position":{"x":0.5771500468254089,"y":0.7021260261535645},"rotation":{"x":0.0,"y":0.0,"z":0.0,"w":0.0},"dna":{"love":1.0,"sick":true,"zombie":true,"tired":1.0,"hunger":1.0,"life":1.0,"cold":1.0,"dead":true,"sleep":true,"immune":true,"dirty":1.0,"sickContagious":1.0},"apparence":{"color":2,"shape":0,"shapeColor":0},"skin1":0,"skin2":0,"skin3":0,"birth":39600.0,"tombInfo":{"epitaphIndex":0,"dateTomb":0.0,"age":0.0,"ageStr":""},"skinScale":{"x":4.52390718460083,"y":5.210505485534668},"skinOffset":{"x":0.4202762246131897,"y":0.49124544858932497},"progress":{"levels":[],"energy":0.0,"currentSport":0,"updatedAtJson":0,"legendaryIndex":0},"_id":"9d0ef1b5d7854360","locked":false,"training":{"sports":[{"level":1.0,"trophy":[3,4,4,4,4,4,4,4,4,4,4,4,4]},{"level":1.0,"trophy":[3,4,4,4,4,4,4,4,4,4,4,4,4]},{"level":1.0,"trophy":[3,4,4,4,4,4,4,4,4,4,4,4,4]},{"level":1.0,"trophy":[3,4,4,4,4,4,4,4,4,4,4,4,4]},{"level":1.0,"trophy":[3,4,4,4,4,4,4,4,4,4,4,4,4]},{"level":1.0,"trophy":[3,4,4,4,4,4,4,4,4,4,4,4,4]}],"State":0,"boostTime":0.0},"name":"Qotituc"}],"mushroom":[],"carrot":[],"candy":[],"coupon":[],"consumable":[],"permanent":[],"skin":[],"gift":[],"gold":[],"diamond":[]},{"rabbit":[],"mushroom":[],"carrot":[],"candy":[{"State":0,"position":{"x":0.8259254693984985,"y":0.04608142748475075},"rotation":{"x":0.0,"y":0.7771211862564087,"z":0.0,"w":0.629351019859314},"Birth":43200.0,"Color":6}],"coupon":[],"consumable":[],"permanent":[],"skin":[],"gift":[],"gold":[],"diamond":[]},{"rabbit":[],"mushroom":[],"carrot":[],"candy":[{"State":0,"position":{"x":0.7629387378692627,"y":0.9240016937255859},"rotation":{"x":0.0,"y":0.7412750124931336,"z":0.0,"w":0.6712014079093933},"Birth":43200.0,"Color":0}],"coupon":[],"consumable":[],"permanent":[],"skin":[],"gift":[],"gold":[],"diamond":[]}],"catalogs":[{"rabbitShapeStr":"NONE","founds":[],"full":true},{"rabbitShapeStr":"FLOWER","founds":[],"full":true},{"rabbitShapeStr":"STAR","founds":[],"full":true},{"rabbitShapeStr":"V","founds":[],"full":true},{"rabbitShapeStr":"HEART","founds":[],"full":true},{"rabbitShapeStr":"MOON","founds":[],"full":true},{"rabbitShapeStr":"STRIPES","founds":[],"full":true},{"rabbitShapeStr":"QUAD","founds":[],"full":true},{"rabbitShapeStr":"CROSS","founds":[],"full":true},{"rabbitShapeStr":"MERMAID","founds":[],"full":true},{"rabbitShapeStr":"ROUND","founds":[],"full":true},{"rabbitShapeStr":"VORTEX","founds":[],"full":true},{"rabbitShapeStr":"CUSTOM","founds":[],"full":true},{"rabbitShapeStr":"LEGENDARY","founds":[true,true,true,true,true,true,true,true,true,true,true,true,true,true,true,true,true,true,true,true,true,true,true,true,true,true,true,true,true,true,true,true,true,true,true,true,true,true,true,true,true,true,true,true,true,true,true,true,true,true,true,true,true,true,true,true,true,true,true,true,true,true,true,true,true,true],"full":false}],"setGroup":[0,0,0,0,0,0,0,0,0,0],"setUnlocked":[0,0,0,0,0,0,0,0,511,0,0,0,0,0,0,0,0,0],"sexPositions":[true,true,true,true,true,true,true],"sexPositionList":[1,2,3,4,6,5],"unlockedSkin":[46]}