<?xml version='1.0' encoding='utf-8' standalone='yes' ?>
<map>
    <string name="unity.player_sessionid">4150280225239132710</string>
    <string name="unity.cloud_userid">040d3f34b6deb90a6ac265e77e46b0c1</string>
    <int name="DOY" value="40" />
    <string name="unity.player_session_count">3</string>
    <int name="Screenmanager%20Resolution%20Width" value="720" />
    <int name="unlockAll" value="0" />
    <int name="nomo" value="1" />
    <float name="music" value="1.0" />
    <int name="prompt_sign_in" value="1" />
    <int name="ft" value="2" />
    <int name="mode" value="3" />
    <int name="Screenmanager%20Fullscreen%20mode" value="-1" />
    <float name="sounds" value="1.0" />
    <int name="Screenmanager%20Resolution%20Height" value="1280" />
    <int name="censoredLock" value="0" />
    <int name="tuto2" value="1" />
    <int name="__UNITY_PLAYERPREFS_VERSION__" value="1" />
</map>
