<?xml version='1.0' encoding='utf-8' standalone='yes' ?>
<map>
    <int name="isBuyed_W21" value="1" />
    <int name="isBuyed_W22" value="1" />
    <string name="levelphoton">%F0%9F%98%98MELANIE%F0%9F%98%98</string>
    <int name="isBuyed_W25" value="1" />
    <string name="unity.player_sessionid">6102861594869820997</string>
    <int name="isBuyed_W26" value="1" />
    <int name="isBuyed_W23" value="1" />
    <int name="isBuyed_W24" value="1" />
    <int name="isBuyed_W29" value="1" />
    <int name="isBuyed_W27" value="1" />
    <int name="isBuyed_W28" value="1" />
    <int name="isBuyed_H42" value="1" />
    <int name="isBuyed_H43" value="1" />
    <int name="isBuyed_H40" value="1" />
    <int name="twitter" value="1" />
    <int name="isBuyed_H41" value="1" />
    <int name="love_22" value="50" />
    <int name="isBuyed_H46" value="1" />
    <int name="love_21" value="50" />
    <int name="isBuyed_H47" value="1" />
    <int name="isBuyed_H44" value="1" />
    <int name="isBuyed_H45" value="1" />
    <int name="isBuyed_HCF2" value="1" />
    <int name="isBuyed_HCF1" value="1" />
    <int name="isBuyed_HM1" value="1" />
    <int name="isBuyed_HM2" value="1" />
    <int name="isBuyed_HCF5" value="1" />
    <int name="isBuyed_HCF4" value="1" />
    <int name="isBuyed_HCF3" value="1" />
    <int name="isBuyed_W10" value="1" />
    <int name="insta" value="1" />
    <int name="isBuyed_W11" value="1" />
    <int name="isBuyed_W14" value="1" />
    <int name="isBuyed_W15" value="1" />
    <int name="isBuyed_W12" value="1" />
    <int name="isBuyed_W13" value="1" />
    <int name="isBuyed_W18" value="1" />
    <int name="isBuyed_W19" value="1" />
    <int name="isBuyed_W16" value="1" />
    <int name="isBuyed_W17" value="1" />
    <int name="isBuyed_H31" value="1" />
    <int name="isBuyed_H32" value="1" />
    <int name="isBuyed_H30" value="1" />
    <int name="isBuyed_H35" value="1" />
    <int name="isBuyed_H36" value="1" />
    <int name="isBuyed_H33" value="1" />
    <int name="isBuyed_H34" value="1" />
    <int name="isBuyed_H39" value="1" />
    <int name="timeMode" value="0" />
    <int name="isBuyed_H37" value="1" />
    <int name="isBuyed_H38" value="1" />
    <string name="PUNCloudBestRegion">us%3B19%3Basia%2Cau%2Ccae%2Ceu%2Cin%2Cjp%2Ckr%2Cru%2Crue%2Csa%2Ctr%2Cus%2Cusw%2Cza</string>
    <int name="isBuyed_W43" value="1" />
    <int name="isBuyed_W44" value="1" />
    <int name="isBuyed_W41" value="1" />
    <int name="Screenmanager%20Resolution%20Height" value="648" />
    <int name="isBuyed_W42" value="1" />
    <int name="isBuyed_W45" value="1" />
    <int name="isBuyed_W46" value="1" />
    <int name="isBuyed_H8" value="1" />
    <int name="isBuyed_H9" value="1" />
    <int name="isBuyed_H4" value="1" />
    <int name="isBuyed_H5" value="1" />
    <int name="isBuyed_H6" value="1" />
    <int name="isBuyed_H7" value="1" />
    <int name="isBuyed_P8" value="1" />
    <int name="isBuyed_H1" value="1" />
    <int name="isBuyed_H2" value="1" />
    <int name="isBuyed_H3" value="1" />
    <int name="isBuyed_P4" value="1" />
    <int name="isBuyed_P5" value="1" />
    <int name="isBuyed_P6" value="1" />
    <int name="isBuyed_P7" value="1" />
    <string name="nickname">TatsumaYakoshi</string>
    <int name="isBuyed_P1" value="1" />
    <int name="isBuyed_P2" value="1" />
    <int name="isBuyed_P3" value="1" />
    <int name="emote1_Selected" value="20" />
    <int name="isBuyed_W40" value="1" />
    <int name="isBuyed_W32" value="1" />
    <int name="isBuyed_W33" value="1" />
    <int name="isBuyed_W30" value="1" />
    <int name="isBuyed_HF2" value="1" />
    <int name="isBuyed_W31" value="1" />
    <int name="isBuyed_W34" value="1" />
    <int name="isBuyed_W35" value="1" />
    <int name="enemies" value="1" />
    <int name="isBuyed_W39" value="1" />
    <string name="unity.cloud_userid">78f5f934d793c96e89b2b6c2a0a827a9</string>
    <int name="canReward" value="0" />
    <int name="waifu_Selected" value="14" />
    <int name="vehicle_Selected" value="1" />
    <int name="isBuyed_HF1" value="1" />
    <int name="citizens" value="1" />
    <string name="christmasEvent">2021-12-23</string>
    <int name="hat_Selected" value="18" />
    <int name="hairColor_Selected" value="2" />
    <int name="isBuyed_W1" value="1" />
    <int name="isBuyed_W2" value="1" />
    <int name="emote2_Selected" value="21" />
    <int name="language" value="0" />
    <int name="Screenmanager%20Resolution%20Width" value="1380" />
    <int name="distanceVision" value="1" />
    <int name="fParentalControl" value="1" />
    <int name="isBuyed_V6" value="1" />
    <int name="isBuyed_V7" value="1" />
    <int name="isBuyed_V8" value="1" />
    <int name="isBuyed_V9" value="1" />
    <int name="isBuyed_V2" value="1" />
    <int name="isBuyed_V3" value="1" />
    <int name="isBuyed_V4" value="1" />
    <int name="isBuyed_V5" value="1" />
    <int name="pet_Selected" value="8" />
    <int name="parentalControl" value="0" />
    <int name="isMultiplayer" value="1" />
    <int name="__UNITY_PLAYERPREFS_VERSION__" value="1" />
    <string name="savedDateNotification">2021-12-23</string>
    <int name="isBuyed_W7" value="1" />
    <int name="isBuyed_W9" value="1" />
    <float name="currentMusic" value="0.8" />
    <int name="isBuyed_W3" value="1" />
    <int name="canRewardChristmas" value="1" />
    <int name="isBuyed_W4" value="1" />
    <int name="isBuyed_W5" value="1" />
    <int name="isBuyed_W6" value="1" />
    <int name="vegetation" value="1" />
    <int name="emote3_Selected" value="19" />
    <int name="graphicsLevel" value="1" />
    <int name="isBuyed_H20" value="1" />
    <int name="isBuyed_H21" value="1" />
    <int name="isBuyed_H24" value="1" />
    <int name="isBuyed_H25" value="1" />
    <int name="isBuyed_H22" value="1" />
    <int name="isBuyed_H23" value="1" />
    <int name="isBuyed_H28" value="1" />
    <int name="isBuyed_H29" value="1" />
    <int name="isBuyed_H26" value="1" />
    <int name="isBuyed_H27" value="1" />
    <string name="unity.player_session_count">16</string>
    <int name="isBuyed_V1" value="1" />
    <int name="isBuyed_HCF21" value="1" />
    <int name="isBuyed_HCF22" value="1" />
    <int name="isBuyed_HCF25" value="1" />
    <int name="isBuyed_HCF23" value="1" />
    <int name="playerMission_22" value="1" />
    <int name="isBuyed_HCF24" value="1" />
    <int name="playerMission_21" value="1" />
    <int name="antialiasing" value="0" />
    <int name="Screenmanager%20Fullscreen%20mode" value="1" />
    <int name="isBuyed_HCM1" value="1" />
    <int name="isBuyed_H10" value="1" />
    <int name="isBuyed_HF22" value="1" />
    <int name="isBuyed_HF21" value="1" />
    <int name="showfps" value="1" />
    <float name="currentSound" value="1.0" />
    <int name="money" value="999899094" />
    <int name="isBuyed_H13" value="1" />
    <int name="isBuyed_HCM5" value="1" />
    <int name="isBuyed_H14" value="1" />
    <int name="isBuyed_HCM4" value="1" />
    <int name="isBuyed_H11" value="1" />
    <int name="isBuyed_HCM3" value="1" />
    <int name="isBuyed_HCM2" value="1" />
    <int name="isBuyed_H12" value="1" />
    <int name="isBuyed_H17" value="1" />
    <int name="isBuyed_H18" value="1" />
    <int name="isBuyed_H15" value="1" />
    <int name="isBuyed_H16" value="1" />
    <int name="isBuyed_H19" value="1" />
    <string name="savedDate">2021-12-23</string>
</map>
