<?xml version='1.0' encoding='utf-8' standalone='yes' ?>
<map>
    <int name="Screenmanager%20Fullscreen%20mode" value="-1" />
    <string name="gift">%7B%22Percent%22%3A30%2C%22ReceivedGifts%22%3A%5B%5D%7D</string>
    <string name="unity.player_session_count">3</string>
    <int name="Screenmanager%20Resolution%20Height" value="2178" />
    <string name="unity.player_sessionid">1627103477778807150</string>
    <string name="un">Yakoshi</string>
    <string name="progress">%7B%22LevelId%22%3A4%2C%22Scores%22%3A2533%2C%22BestScores%22%3A2533%2C%22Money%22%3A%7B%22Coins%22%3A999953285%7D%2C%22CurrentModelId%22%3A6%2C%22PlayerCars%22%3A%5B%7B%22ModelId%22%3A14%2C%22ColorId%22%3A1%2C%22ColorIndex%22%3A0%2C%22BodyId%22%3A0%2C%22Scores%22%3A2533%7D%2C%7B%22ModelId%22%3A5%2C%22ColorId%22%3A0%2C%22ColorIndex%22%3A0%2C%22BodyId%22%3A0%2C%22Scores%22%3A0%7D%2C%7B%22ModelId%22%3A12%2C%22ColorId%22%3A0%2C%22ColorIndex%22%3A0%2C%22BodyId%22%3A0%2C%22Scores%22%3A0%7D%2C%7B%22ModelId%22%3A2%2C%22ColorId%22%3A0%2C%22ColorIndex%22%3A0%2C%22BodyId%22%3A0%2C%22Scores%22%3A0%7D%2C%7B%22ModelId%22%3A13%2C%22ColorId%22%3A0%2C%22ColorIndex%22%3A0%2C%22BodyId%22%3A0%2C%22Scores%22%3A0%7D%2C%7B%22ModelId%22%3A7%2C%22ColorId%22%3A0%2C%22ColorIndex%22%3A0%2C%22BodyId%22%3A0%2C%22Scores%22%3A0%7D%2C%7B%22ModelId%22%3A11%2C%22ColorId%22%3A0%2C%22ColorIndex%22%3A0%2C%22BodyId%22%3A0%2C%22Scores%22%3A0%7D%2C%7B%22ModelId%22%3A0%2C%22ColorId%22%3A0%2C%22ColorIndex%22%3A0%2C%22BodyId%22%3A0%2C%22Scores%22%3A0%7D%2C%7B%22ModelId%22%3A8%2C%22ColorId%22%3A0%2C%22ColorIndex%22%3A0%2C%22BodyId%22%3A0%2C%22Scores%22%3A0%7D%2C%7B%22ModelId%22%3A9%2C%22ColorId%22%3A0%2C%22ColorIndex%22%3A0%2C%22BodyId%22%3A0%2C%22Scores%22%3A0%7D%2C%7B%22ModelId%22%3A31%2C%22ColorId%22%3A0%2C%22ColorIndex%22%3A0%2C%22BodyId%22%3A0%2C%22Scores%22%3A0%7D%2C%7B%22ModelId%22%3A30%2C%22ColorId%22%3A0%2C%22ColorIndex%22%3A0%2C%22BodyId%22%3A0%2C%22Scores%22%3A0%7D%2C%7B%22ModelId%22%3A32%2C%22ColorId%22%3A0%2C%22ColorIndex%22%3A0%2C%22BodyId%22%3A0%2C%22Scores%22%3A0%7D%2C%7B%22ModelId%22%3A29%2C%22ColorId%22%3A0%2C%22ColorIndex%22%3A0%2C%22BodyId%22%3A0%2C%22Scores%22%3A0%7D%2C%7B%22ModelId%22%3A1%2C%22ColorId%22%3A0%2C%22ColorIndex%22%3A0%2C%22BodyId%22%3A0%2C%22Scores%22%3A0%7D%2C%7B%22ModelId%22%3A10%2C%22ColorId%22%3A0%2C%22ColorIndex%22%3A0%2C%22BodyId%22%3A0%2C%22Scores%22%3A0%7D%2C%7B%22ModelId%22%3A27%2C%22ColorId%22%3A0%2C%22ColorIndex%22%3A0%2C%22BodyId%22%3A0%2C%22Scores%22%3A0%7D%2C%7B%22ModelId%22%3A3%2C%22ColorId%22%3A0%2C%22ColorIndex%22%3A0%2C%22BodyId%22%3A0%2C%22Scores%22%3A0%7D%2C%7B%22ModelId%22%3A28%2C%22ColorId%22%3A0%2C%22ColorIndex%22%3A0%2C%22BodyId%22%3A0%2C%22Scores%22%3A0%7D%2C%7B%22ModelId%22%3A6%2C%22ColorId%22%3A14%2C%22ColorIndex%22%3A11%2C%22BodyId%22%3A0%2C%22Scores%22%3A0%7D%2C%7B%22ModelId%22%3A33%2C%22ColorId%22%3A0%2C%22ColorIndex%22%3A0%2C%22BodyId%22%3A0%2C%22Scores%22%3A0%7D%2C%7B%22ModelId%22%3A4%2C%22ColorId%22%3A1%2C%22ColorIndex%22%3A0%2C%22BodyId%22%3A0%2C%22Scores%22%3A0%7D%5D%7D</string>
    <int name="__UNITY_PLAYERPREFS_VERSION__" value="1" />
    <int name="purchases.customPaint" value="1" />
    <int name="Screenmanager%20Resolution%20Width" value="1080" />
    <string name="unity.cloud_userid">a46c5ab7e492185588d425437d4d6e99</string>
</map>
