<?xml version='1.0' encoding='utf-8' standalone='yes' ?>
<map>
    <string name="ZendeskSupportStorageLastTimeRetrieved">-8585594111955677988</string>
    <int name="FirstSession" value="0" />
    <string name="unity.player_sessionid">166738746416516335</string>
    <int name="PERMISSION_REQUESTEDandroid.permission.WRITE_EXTERNAL_STORAGE" value="1" />
    <int name="FtueFunnelLastSeenStep" value="21" />
    <int name="Screenmanager%20Resolution%20Width" value="2180" />
    <int name="BuyPremiumGacha" value="0" />
    <string name="FreeGacha">1642772705</string>
    <int name="CrashMetadataNumSessions" value="8" />
    <string name="ZendeskSDKSettings">%7B%22answer_bot%22%3A%7B%22enabled%22%3Atrue%7D%2C%22blips%22%3A%7B%22permissions%22%3A%7B%22behavioural%22%3Afalse%2C%22pathfinder%22%3Atrue%2C%22required%22%3Afalse%7D%7D%2C%22core%22%3A%7B%22authentication%22%3A%22anonymous%22%2C%22brand_id%22%3A2365526%2C%22identifier%22%3A%225190aa29557cf2c19691093fee84100e4d538744ac5cd9fa%22%7D%2C%22help_center%22%3A%7B%22enabled%22%3Atrue%2C%22help_center_article_voting_enabled%22%3Afalse%2C%22locale%22%3A%22en-us%22%7D%2C%22rma%22%3A%7B%22android_store_url%22%3A%22%22%2C%22delay%22%3A3%2C%22duration%22%3A7%2C%22enabled%22%3Afalse%2C%22ios_store_url%22%3A%22%22%2C%22tags%22%3A%5B%5D%2C%22visits%22%3A15%7D%2C%22support%22%3A%7B%22attachments%22%3A%7B%22enabled%22%3Atrue%2C%22max_attachment_size%22%3A52428800%7D%2C%22contact_us%22%3A%7B%22tags%22%3A%5B%22abba%22%5D%7D%2C%22conversations%22%3A%7B%22enabled%22%3Atrue%7D%2C%22csat%22%3A%7B%22enabled%22%3Atrue%7D%2C%22never_request_email%22%3Afalse%2C%22referrer_url%22%3A%22https%3A%2F%2Fwww.zendesk.com%2Fembeddables%22%2C%22show_closed_requests%22%3Atrue%2C%22show_referrer_logo%22%3Afalse%2C%22system_message%22%3A%22Your%20message%20has%20been%20sent.%20If%20a%20reply%20is%20needed%2C%20we%20will%20contact%20you%20shortly.%22%7D%2C%22settingsDate%22%3A%221%2F14%2F2022%204%3A28%3A09%20PM%22%7D</string>
    <string name="daily_challenge_attempts">%7B%22StreakWins%22%3A%5B0%2C0%2C0%5D%2C%22StreakLosses%22%3A%5B0%2C0%2C0%5D%2C%22NumStages%22%3A0%2C%22Attempts%22%3A0%2C%22IncreaseAttemptOnNextEvent%22%3Atrue%2C%22LastPlayedLevelIndex%22%3A-1%7D</string>
    <string name="costume_cache_local">%5B%7B%22CostumeId%22%3A%22Royal%22%2C%22TierId%22%3A1%2C%22PurchasableViaHatShop%22%3Atrue%2C%22ReleaseDate%22%3A%222016-07-14T00%3A00%3A00%22%2C%22EvolutionTier%22%3A0%7D%2C%7B%22CostumeId%22%3A%22Party%22%2C%22TierId%22%3A0%2C%22PurchasableViaHatShop%22%3Atrue%2C%22ReleaseDate%22%3A%222016-07-14T00%3A00%3A00%22%2C%22EvolutionTier%22%3A0%7D%2C%7B%22CostumeId%22%3A%22Street%22%2C%22TierId%22%3A1%2C%22PurchasableViaHatShop%22%3Atrue%2C%22ReleaseDate%22%3A%222016-07-14T00%3A00%3A00%22%2C%22EvolutionTier%22%3A0%7D%2C%7B%22CostumeId%22%3A%22Cowboy%22%2C%22TierId%22%3A2%2C%22PurchasableViaHatShop%22%3Atrue%2C%22ReleaseDate%22%3A%222016-07-14T00%3A00%3A00%22%2C%22EvolutionTier%22%3A0%7D%2C%7B%22CostumeId%22%3A%22Pirate%22%2C%22TierId%22%3A3%2C%22PurchasableViaHatShop%22%3Atrue%2C%22ReleaseDate%22%3A%222016-09-08T00%3A00%3A00%22%2C%22EvolutionTier%22%3A0%7D%2C%7B%22CostumeId%22%3A%22School%22%2C%22TierId%22%3A0%2C%22PurchasableViaHatShop%22%3Atrue%2C%22ReleaseDate%22%3A%222016-09-08T00%3A00%3A00%22%2C%22EvolutionTier%22%3A0%7D%2C%7B%22CostumeId%22%3A%22Beach%22%2C%22TierId%22%3A1%2C%22PurchasableViaHatShop%22%3Atrue%2C%22ReleaseDate%22%3A%222016-09-08T00%3A00%3A00%22%2C%22EvolutionTier%22%3A0%7D%2C%7B%22CostumeId%22%3A%22Halloween%22%2C%22TierId%22%3A0%2C%22PurchasableViaHatShop%22%3Atrue%2C%22ReleaseDate%22%3A%222016-10-27T00%3A00%3A00%22%2C%22EvolutionTier%22%3A0%7D%2C%7B%22CostumeId%22%3A%22Knights%22%2C%22TierId%22%3A3%2C%22PurchasableViaHatShop%22%3Atrue%2C%22ReleaseDate%22%3A%222016-10-27T00%3A00%3A00%22%2C%22EvolutionTier%22%3A0%7D%2C%7B%22CostumeId%22%3A%22Wigs%22%2C%22TierId%22%3A1%2C%22PurchasableViaHatShop%22%3Atrue%2C%22ReleaseDate%22%3A%222016-10-27T00%3A00%3A00%22%2C%22EvolutionTier%22%3A0%7D%2C%7B%22CostumeId%22%3A%22Christmas%22%2C%22TierId%22%3A1%2C%22PurchasableViaHatShop%22%3Atrue%2C%22ReleaseDate%22%3A%222016-12-22T00%3A00%3A00%22%2C%22EvolutionTier%22%3A0%7D%2C%7B%22CostumeId%22%3A%22Fancy%22%2C%22TierId%22%3A6%2C%22PurchasableViaHatShop%22%3Atrue%2C%22ReleaseDate%22%3A%222016-12-22T00%3A00%3A00%22%2C%22EvolutionTier%22%3A0%7D%2C%7B%22CostumeId%22%3A%22Winter%22%2C%22TierId%22%3A3%2C%22PurchasableViaHatShop%22%3Atrue%2C%22ReleaseDate%22%3A%222016-12-22T00%3A00%3A00%22%2C%22EvolutionTier%22%3A0%7D%2C%7B%22CostumeId%22%3A%22Wizard%22%2C%22TierId%22%3A6%2C%22PurchasableViaHatShop%22%3Atrue%2C%22ReleaseDate%22%3A%222017-02-09T00%3A00%3A00%22%2C%22EvolutionTier%22%3A0%7D%2C%7B%22CostumeId%22%3A%22Valentines%22%2C%22TierId%22%3A1%2C%22PurchasableViaHatShop%22%3Atrue%2C%22ReleaseDate%22%3A%222017-02-09T00%3A00%3A00%22%2C%22EvolutionTier%22%3A0%7D%2C%7B%22CostumeId%22%3A%22Steampunk%22%2C%22TierId%22%3A6%2C%22PurchasableViaHatShop%22%3Atrue%2C%22ReleaseDate%22%3A%222017-02-09T00%3A00%3A00%22%2C%22EvolutionTier%22%3A0%7D%2C%7B%22CostumeId%22%3A%22Easter%22%2C%22TierId%22%3A2%2C%22PurchasableViaHatShop%22%3Atrue%2C%22ReleaseDate%22%3A%222017-04-13T00%3A00%3A00%22%2C%22EvolutionTier%22%3A0%7D%2C%7B%22CostumeId%22%3A%22Work%22%2C%22TierId%22%3A2%2C%22PurchasableViaHatShop%22%3Atrue%2C%22ReleaseDate%22%3A%222017-04-13T00%3A00%3A00%22%2C%22EvolutionTier%22%3A0%7D%2C%7B%22CostumeId%22%3A%22Mythic%22%2C%22TierId%22%3A6%2C%22PurchasableViaHatShop%22%3Atrue%2C%22ReleaseDate%22%3A%222017-04-13T00%3A00%3A00%22%2C%22EvolutionTier%22%3A0%7D%2C%7B%22CostumeId%22%3A%22Pharaoh%22%2C%22TierId%22%3A3%2C%22PurchasableViaHatShop%22%3Atrue%2C%22ReleaseDate%22%3A%222017-06-08T00%3A00%3A00%22%2C%22EvolutionTier%22%3A0%7D%2C%7B%22CostumeId%22%3A%22Fruitshades%22%2C%22TierId%22%3A1%2C%22PurchasableViaHatShop%22%3Atrue%2C%22ReleaseDate%22%3A%222017-06-08T00%3A00%3A00%22%2C%22EvolutionTier%22%3A0%7D%2C%7B%22CostumeId%22%3A%22Sport%22%2C%22TierId%22%3A2%2C%22PurchasableViaHatShop%22%3Atrue%2C%22ReleaseDate%22%3A%222017-06-08T00%3A00%3A00%22%2C%22EvolutionTier%22%3A0%7D%2C%7B%22CostumeId%22%3A%22Anniversary%22%2C%22TierId%22%3A1%2C%22PurchasableViaHatShop%22%3Atrue%2C%22ReleaseDate%22%3A%222017-08-03T00%3A00%3A00%22%2C%22EvolutionTier%22%3A0%7D%2C%7B%22CostumeId%22%3A%22IceCream%22%2C%22TierId%22%3A3%2C%22PurchasableViaHatShop%22%3Atrue%2C%22ReleaseDate%22%3A%222017-08-03T00%3A00%3A00%22%2C%22EvolutionTier%22%3A0%7D%2C%7B%22CostumeId%22%3A%22Chef%22%2C%22TierId%22%3A2%2C%22PurchasableViaHatShop%22%3Atrue%2C%22ReleaseDate%22%3A%222017-08-03T00%3A00%3A00%22%2C%22EvolutionTier%22%3A0%7D%2C%7B%22CostumeId%22%3A%22Jester%22%2C%22TierId%22%3A3%2C%22PurchasableViaHatShop%22%3Atrue%2C%22ReleaseDate%22%3A%222017-10-12T00%3A00%3A00%22%2C%22EvolutionTier%22%3A0%7D%2C%7B%22CostumeId%22%3A%22Spooky%22%2C%22TierId%22%3A2%2C%22PurchasableViaHatShop%22%3Atrue%2C%22ReleaseDate%22%3A%222017-10-12T00%3A00%3A00%22%2C%22EvolutionTier%22%3A0%7D%2C%7B%22CostumeId%22%3A%22Viking%22%2C%22TierId%22%3A2%2C%22PurchasableViaHatShop%22%3Atrue%2C%22ReleaseDate%22%3A%222017-12-07T00%3A00%3A00%22%2C%22EvolutionTier%22%3A0%7D%2C%7B%22CostumeId%22%3A%22NFL%22%2C%22TierId%22%3A2%2C%22PurchasableViaHatShop%22%3Atrue%2C%22ReleaseDate%22%3A%222018-01-20T00%3A00%3A00%22%2C%22EvolutionTier%22%3A0%7D%2C%7B%22CostumeId%22%3A%22Samurai%22%2C%22TierId%22%3A7%2C%22PurchasableViaHatShop%22%3Atrue%2C%22ReleaseDate%22%3A%222018-02-08T00%3A00%3A00%22%2C%22EvolutionTier%22%3A2%7D%2C%7B%22CostumeId%22%3A%22Stoneage%22%2C%22TierId%22%3A2%2C%22PurchasableViaHatShop%22%3Atrue%2C%22ReleaseDate%22%3A%222018-03-08T00%3A00%3A00%22%2C%22EvolutionTier%22%3A0%7D%2C%7B%22CostumeId%22%3A%22Spy%22%2C%22TierId%22%3A2%2C%22PurchasableViaHatShop%22%3Atrue%2C%22ReleaseDate%22%3A%222018-04-09T00%3A00%3A00%22%2C%22EvolutionTier%22%3A0%7D%2C%7B%22CostumeId%22%3A%22SciFi%22%2C%22TierId%22%3A2%2C%22PurchasableViaHatShop%22%3Atrue%2C%22ReleaseDate%22%3A%222018-05-10T00%3A00%3A00%22%2C%22EvolutionTier%22%3A0%7D%2C%7B%22CostumeId%22%3A%22Punk%22%2C%22TierId%22%3A2%2C%22PurchasableViaHatShop%22%3Atrue%2C%22ReleaseDate%22%3A%222018-06-13T00%3A00%3A00%22%2C%22EvolutionTier%22%3A0%7D%2C%7B%22CostumeId%22%3A%22Camping%22%2C%22TierId%22%3A2%2C%22PurchasableViaHatShop%22%3Atrue%2C%22ReleaseDate%22%3A%222018-07-17T00%3A00%3A00%22%2C%22EvolutionTier%22%3A0%7D%2C%7B%22CostumeId%22%3A%22Tribal%22%2C%22TierId%22%3A6%2C%22PurchasableViaHatShop%22%3Atrue%2C%22ReleaseDate%22%3A%222018-07-19T00%3A00%3A00%22%2C%22EvolutionTier%22%3A0%7D%2C%7B%22CostumeId%22%3A%22Community%22%2C%22TierId%22%3A2%2C%22PurchasableViaHatShop%22%3Atrue%2C%22ReleaseDate%22%3A%222018-08-03T09%3A00%3A00%22%2C%22EvolutionTier%22%3A0%7D%2C%7B%22CostumeId%22%3A%22Roman%22%2C%22TierId%22%3A7%2C%22PurchasableViaHatShop%22%3Atrue%2C%22ReleaseDate%22%3A%222018-08-23T00%3A00%3A00%22%2C%22EvolutionTier%22%3A2%7D%2C%7B%22CostumeId%22%3A%22Submarine%22%2C%22TierId%22%3A2%2C%22PurchasableViaHatShop%22%3Atrue%2C%22ReleaseDate%22%3A%222018-08-31T09%3A00%3A00%22%2C%22EvolutionTier%22%3A0%7D%2C%7B%22CostumeId%22%3A%22Nasa%22%2C%22TierId%22%3A2%2C%22PurchasableViaHatShop%22%3Atrue%2C%22ReleaseDate%22%3A%222018-10-01T09%3A00%3A00%22%2C%22EvolutionTier%22%3A0%7D%2C%7B%22CostumeId%22%3A%22Horror%22%2C%22TierId%22%3A2%2C%22PurchasableViaHatShop%22%3Atrue%2C%22ReleaseDate%22%3A%222018-10-26T09%3A00%3A00%22%2C%22EvolutionTier%22%3A0%7D%2C%7B%22CostumeId%22%3A%22Fantasy%22%2C%22TierId%22%3A2%2C%22PurchasableViaHatShop%22%3Atrue%2C%22ReleaseDate%22%3A%222018-11-13T00%3A05%3A00%22%2C%22EvolutionTier%22%3A0%7D%2C%7B%22CostumeId%22%3A%22Holidays%22%2C%22TierId%22%3A2%2C%22PurchasableViaHatShop%22%3Atrue%2C%22ReleaseDate%22%3A%222018-12-20T07%3A00%3A00%22%2C%22EvolutionTier%22%3A0%7D%2C%7B%22CostumeId%22%3A%22WinterSports%22%2C%22TierId%22%3A2%2C%22PurchasableViaHatShop%22%3Atrue%2C%22ReleaseDate%22%3A%222019-01-16T00%3A00%3A00%22%2C%22EvolutionTier%22%3A0%7D%2C%7B%22CostumeId%22%3A%22SweetHearts%22%2C%22TierId%22%3A5%2C%22PurchasableViaHatShop%22%3Atrue%2C%22ReleaseDate%22%3A%222019-02-07T00%3A00%3A00%22%2C%22EvolutionTier%22%3A0%7D%2C%7B%22CostumeId%22%3A%22Carnival%22%2C%22TierId%22%3A5%2C%22PurchasableViaHatShop%22%3Atrue%2C%22ReleaseDate%22%3A%222019-03-01T00%3A00%3A00%22%2C%22EvolutionTier%22%3A0%7D%2C%7B%22CostumeId%22%3A%22SaintPatricks%22%2C%22TierId%22%3A5%2C%22PurchasableViaHatShop%22%3Atrue%2C%22ReleaseDate%22%3A%222019-03-17T00%3A00%3A00%22%2C%22EvolutionTier%22%3A0%7D%2C%7B%22CostumeId%22%3A%22World%22%2C%22TierId%22%3A5%2C%22PurchasableViaHatShop%22%3Atrue%2C%22ReleaseDate%22%3A%222019-04-05T00%3A00%3A00%22%2C%22EvolutionTier%22%3A0%7D%2C%7B%22CostumeId%22%3A%22Food%22%2C%22TierId%22%3A5%2C%22PurchasableViaHatShop%22%3Atrue%2C%22ReleaseDate%22%3A%222019-05-03T00%3A00%3A00%22%2C%22EvolutionTier%22%3A0%7D%2C%7B%22CostumeId%22%3A%22SportFans%22%2C%22TierId%22%3A5%2C%22PurchasableViaHatShop%22%3Atrue%2C%22ReleaseDate%22%3A%222019-05-24T00%3A00%3A00%22%2C%22EvolutionTier%22%3A0%7D%2C%7B%22CostumeId%22%3A%22Pride%22%2C%22TierId%22%3A5%2C%22PurchasableViaHatShop%22%3Atrue%2C%22ReleaseDate%22%3A%222019-06-14T10%3A00%3A00%22%2C%22EvolutionTier%22%3A0%7D%2C%7B%22CostumeId%22%3A%22Pig%22%2C%22TierId%22%3A5%2C%22PurchasableViaHatShop%22%3Atrue%2C%22ReleaseDate%22%3A%222019-07-04T00%3A00%3A00%22%2C%22EvolutionTier%22%3A0%7D%2C%7B%22CostumeId%22%3A%22MovieSet2%22%2C%22TierId%22%3A5%2C%22PurchasableViaHatShop%22%3Atrue%2C%22ReleaseDate%22%3A%222019-08-12T00%3A00%3A00%22%2C%22EvolutionTier%22%3A0%7D%2C%7B%22CostumeId%22%3A%22Botanical%22%2C%22TierId%22%3A5%2C%22PurchasableViaHatShop%22%3Atrue%2C%22ReleaseDate%22%3A%222019-09-06T00%3A00%3A00%22%2C%22EvolutionTier%22%3A0%7D%2C%7B%22CostumeId%22%3A%22SeaCreatures%22%2C%22TierId%22%3A5%2C%22PurchasableViaHatShop%22%3Atrue%2C%22ReleaseDate%22%3A%222019-09-26T00%3A00%3A00%22%2C%22EvolutionTier%22%3A0%7D%2C%7B%22CostumeId%22%3A%22Bugs%22%2C%22TierId%22%3A5%2C%22PurchasableViaHatShop%22%3Atrue%2C%22ReleaseDate%22%3A%222019-10-24T00%3A00%3A00%22%2C%22EvolutionTier%22%3A0%7D%2C%7B%22CostumeId%22%3A%22Nest%22%2C%22TierId%22%3A5%2C%22PurchasableViaHatShop%22%3Atrue%2C%22ReleaseDate%22%3A%222019-11-12T12%3A00%3A00%22%2C%22EvolutionTier%22%3A0%7D%2C%7B%22CostumeId%22%3A%22Classic%22%2C%22TierId%22%3A5%2C%22PurchasableViaHatShop%22%3Atrue%2C%22ReleaseDate%22%3A%222019-12-11T00%3A00%3A00%22%2C%22EvolutionTier%22%3A0%7D%2C%7B%22CostumeId%22%3A%22Present%22%2C%22TierId%22%3A5%2C%22PurchasableViaHatShop%22%3Atrue%2C%22ReleaseDate%22%3A%222019-12-24T00%3A00%3A00%22%2C%22EvolutionTier%22%3A0%7D%2C%7B%22CostumeId%22%3A%22Ninja%22%2C%22TierId%22%3A7%2C%22PurchasableViaHatShop%22%3Afalse%2C%22ReleaseDate%22%3A%222019-12-26T05%3A00%3A00%22%2C%22EvolutionTier%22%3A0%7D%2C%7B%22CostumeId%22%3A%22Aerobics%22%2C%22TierId%22%3A5%2C%22PurchasableViaHatShop%22%3Atrue%2C%22ReleaseDate%22%3A%222020-01-23T11%3A00%3A00%22%2C%22EvolutionTier%22%3A0%7D%2C%7B%22CostumeId%22%3A%22Cupid%22%2C%22TierId%22%3A5%2C%22PurchasableViaHatShop%22%3Atrue%2C%22ReleaseDate%22%3A%222020-02-13T00%3A00%3A00%22%2C%22EvolutionTier%22%3A0%7D%2C%7B%22CostumeId%22%3A%22Cosmic%22%2C%22TierId%22%3A5%2C%22PurchasableViaHatShop%22%3Atrue%2C%22ReleaseDate%22%3A%222020-03-12T00%3A00%3A00%22%2C%22EvolutionTier%22%3A0%7D%2C%7B%22CostumeId%22%3A%22Chocolate%22%2C%22TierId%22%3A5%2C%22PurchasableViaHatShop%22%3Atrue%2C%22ReleaseDate%22%3A%222020-04-09T05%3A00%3A00%22%2C%22EvolutionTier%22%3A0%7D%2C%7B%22CostumeId%22%3A%22Musketeer%22%2C%22TierId%22%3A5%2C%22PurchasableViaHatShop%22%3Atrue%2C%22ReleaseDate%22%3A%222020-05-21T05%3A00%3A00%22%2C%22EvolutionTier%22%3A0%7D%2C%7B%22CostumeId%22%3A%22FlowerPower%22%2C%22TierId%22%3A3%2C%22PurchasableViaHatShop%22%3Atrue%2C%22ReleaseDate%22%3A%222020-06-18T05%3A00%3A00%22%2C%22EvolutionTier%22%3A2%7D%2C%7B%22CostumeId%22%3A%22PoolParty%22%2C%22TierId%22%3A5%2C%22PurchasableViaHatShop%22%3Atrue%2C%22ReleaseDate%22%3A%222020-07-09T05%3A00%3A00%22%2C%22EvolutionTier%22%3A0%7D%2C%7B%22CostumeId%22%3A%22Fantastic%22%2C%22TierId%22%3A3%2C%22PurchasableViaHatShop%22%3Atrue%2C%22ReleaseDate%22%3A%222020-07-30T05%3A00%3A00%22%2C%22EvolutionTier%22%3A0%7D%2C%7B%22CostumeId%22%3A%22Fairy%22%2C%22TierId%22%3A5%2C%22PurchasableViaHatShop%22%3Atrue%2C%22ReleaseDate%22%3A%222020-08-27T05%3A00%3A00%22%2C%22EvolutionTier%22%3A2%7D%2C%7B%22CostumeId%22%3A%22Contractor%22%2C%22TierId%22%3A5%2C%22PurchasableViaHatShop%22%3Atrue%2C%22ReleaseDate%22%3A%222020-09-22T05%3A00%3A00%22%2C%22EvolutionTier%22%3A0%7D%2C%7B%22CostumeId%22%3A%22ParkRanger%22%2C%22TierId%22%3A3%2C%22PurchasableViaHatShop%22%3Atrue%2C%22ReleaseDate%22%3A%222020-10-12T05%3A00%3A00%22%2C%22EvolutionTier%22%3A0%7D%2C%7B%22CostumeId%22%3A%22Calavera%22%2C%22TierId%22%3A5%2C%22PurchasableViaHatShop%22%3Atrue%2C%22ReleaseDate%22%3A%222020-10-29T11%3A00%3A00%22%2C%22EvolutionTier%22%3A2%7D%2C%7B%22CostumeId%22%3A%22Rococo%22%2C%22TierId%22%3A5%2C%22PurchasableViaHatShop%22%3Atrue%2C%22ReleaseDate%22%3A%222020-11-26T05%3A00%3A00%22%2C%22EvolutionTier%22%3A0%7D%2C%7B%22CostumeId%22%3A%22StarForce%22%2C%22TierId%22%3A7%2C%22PurchasableViaHatShop%22%3Afalse%2C%22ReleaseDate%22%3A%222020-12-03T00%3A00%3A00%22%2C%22EvolutionTier%22%3A0%7D%2C%7B%22CostumeId%22%3A%22ChristmasCarols%22%2C%22TierId%22%3A3%2C%22PurchasableViaHatShop%22%3Atrue%2C%22ReleaseDate%22%3A%222020-12-22T05%3A00%3A00%22%2C%22EvolutionTier%22%3A0%7D%2C%7B%22CostumeId%22%3A%22RockBand%22%2C%22TierId%22%3A5%2C%22PurchasableViaHatShop%22%3Atrue%2C%22ReleaseDate%22%3A%222021-01-22T05%3A00%3A00%22%2C%22EvolutionTier%22%3A0%7D%2C%7B%22CostumeId%22%3A%22Kabuki%22%2C%22TierId%22%3A5%2C%22PurchasableViaHatShop%22%3Atrue%2C%22ReleaseDate%22%3A%222021-02-25T05%3A00%3A00%22%2C%22EvolutionTier%22%3A2%7D%2C%7B%22CostumeId%22%3A%22EasterCraft%22%2C%22TierId%22%3A5%2C%22PurchasableViaHatShop%22%3Atrue%2C%22ReleaseDate%22%3A%222021-03-26T05%3A00%3A00%22%2C%22EvolutionTier%22%3A0%7D%2C%7B%22CostumeId%22%3A%22Troubadour%22%2C%22TierId%22%3A5%2C%22PurchasableViaHatShop%22%3Atrue%2C%22ReleaseDate%22%3A%222021-04-22T05%3A00%3A00%22%2C%22EvolutionTier%22%3A0%7D%2C%7B%22CostumeId%22%3A%22Parade%22%2C%22TierId%22%3A5%2C%22PurchasableViaHatShop%22%3Atrue%2C%22ReleaseDate%22%3A%222021-05-20T05%3A00%3A00%22%2C%22EvolutionTier%22%3A2%7D%2C%7B%22CostumeId%22%3A%22Midsummer%22%2C%22TierId%22%3A5%2C%22PurchasableViaHatShop%22%3Atrue%2C%22ReleaseDate%22%3A%222021-06-24T05%3A00%3A00%22%2C%22EvolutionTier%22%3A2%7D%2C%7B%22CostumeId%22%3A%22Fandemonium%22%2C%22TierId%22%3A3%2C%22PurchasableViaHatShop%22%3Atrue%2C%22ReleaseDate%22%3A%222021-07-28T05%3A00%3A00%22%2C%22EvolutionTier%22%3A0%7D%2C%7B%22CostumeId%22%3A%22Straw%22%2C%22TierId%22%3A0%2C%22PurchasableViaHatShop%22%3Atrue%2C%22ReleaseDate%22%3A%222021-08-18T00%3A00%3A00%22%2C%22EvolutionTier%22%3A0%7D%2C%7B%22CostumeId%22%3A%22Wastelander%22%2C%22TierId%22%3A5%2C%22PurchasableViaHatShop%22%3Atrue%2C%22ReleaseDate%22%3A%222021-08-26T05%3A00%3A00%22%2C%22EvolutionTier%22%3A0%7D%2C%7B%22CostumeId%22%3A%22Mariner%22%2C%22TierId%22%3A3%2C%22PurchasableViaHatShop%22%3Atrue%2C%22ReleaseDate%22%3A%222021-09-23T05%3A00%3A00%22%2C%22EvolutionTier%22%3A0%7D%2C%7B%22CostumeId%22%3A%22Haunted%22%2C%22TierId%22%3A5%2C%22PurchasableViaHatShop%22%3Atrue%2C%22ReleaseDate%22%3A%222021-10-21T05%3A00%3A00%22%2C%22EvolutionTier%22%3A2%7D%2C%7B%22CostumeId%22%3A%22DragonKnight%22%2C%22TierId%22%3A7%2C%22PurchasableViaHatShop%22%3Atrue%2C%22ReleaseDate%22%3A%222021-11-16T00%3A00%3A00%22%2C%22EvolutionTier%22%3A2%7D%2C%7B%22CostumeId%22%3A%22PajamaParty%22%2C%22TierId%22%3A5%2C%22PurchasableViaHatShop%22%3Atrue%2C%22ReleaseDate%22%3A%222021-11-25T05%3A00%3A00%22%2C%22EvolutionTier%22%3A0%7D%2C%7B%22CostumeId%22%3A%22SummerXmas%22%2C%22TierId%22%3A5%2C%22PurchasableViaHatShop%22%3Atrue%2C%22ReleaseDate%22%3A%222021-12-22T05%3A00%3A00%22%2C%22EvolutionTier%22%3A2%7D%2C%7B%22CostumeId%22%3A%22SnowPig%22%2C%22TierId%22%3A5%2C%22PurchasableViaHatShop%22%3Atrue%2C%22ReleaseDate%22%3A%222022-01-11T05%3A00%3A00%22%2C%22EvolutionTier%22%3A2%7D%5D</string>
    <int name="PremiumGacha" value="0" />
    <string name="event_disabled_cache_local">%5B%5D</string>
    <int name="__UNITY_PLAYERPREFS_VERSION__" value="1" />
    <string name="BaseFilesVersionNumber">2.60.2</string>
    <int name="UnlockBird" value="0" />
    <string name="SessionName">Yakoshi</string>
    <int name="AppTrackerReportedLevelID" value="1" />
    <int name="StartingCurrency" value="999999999" />
    <int name="unexpected_field_value" value="5" />
    <int name="TotalLaunches" value="8" />
    <int name="EpicGacha" value="0" />
    <int name="BlackBox" value="0" />
    <int name="EnableInternalLogger" value="0" />
    <int name="BuyCostume" value="0" />
    <int name="SessionLastSeason" value="0" />
    <int name="StarsGained" value="0" />
    <string name="SessionCustomerId">16205909501</string>
    <int name="Screenmanager%20Resolution%20Height" value="1080" />
    <int name="RemindRateLaterCount" value="8" />
    <string name="SplashScreenVersionNumber">2.60.2</string>
    <string name="SessionPlayerId">RC1ea63059-ac01-48c4-802d-5caa1ec345bc</string>
    <string name="SessionRegionId">US</string>
    <int name="UseSupermoonBackend" value="1" />
    <string name="Language">English</string>
    <int name="EnableHashedFileSystem" value="0" />
    <string name="SessionAvatarId">1</string>
    <string name="SessionFrameXp">0</string>
    <int name="LevelPickup" value="0" />
    <string name="SessionBirthday"></string>
    <string name="unity.player_session_count">8</string>
    <string name="BeaconLocalStorage_skynest_storage_hashes_RC1ea63059-ac01-48c4-802d-5caa1ec345bc">eOOqO7PUDF9wLf3RGzY5OTbBVfLq71plflLgsUpK1U6LK6pIWY_Q_-FKDxubG5ov_f1A7PWd9BQqKdhrSOgDDdXgDuFT2LDu4Ad4HMhVPzrXO8--EL43FtTQ7KLsSUzdAm5fYn7muOzBAEjk7tej5A%3D%3D</string>
    <string name="server_local_notification_cache_local">%5B%7B%22StartDate%22%3A%222022-01-21T05%3A00%3A00%22%2C%22Type%22%3A0%2C%22Id%22%3A21%7D%5D</string>
    <string name="SessionAvatarFrameId">0</string>
    <string name="unexpected_field_log">Wallet.SecondaryCurrency%2C70%2C999999999%2C20220114%3BWallet.SecondaryCurrency%2C999999979%2C999999999%2C20220114%3BWallet.SecondaryCurrency%2C999999499%2C999999999%2C20220114%3BWallet.Gems%2C10%2C999999999%2C20220114%3BWallet.Gems%2C999999099%2C999999999%2C20220114%3B</string>
    <string name="unity.cloud_userid">0b2b96ae997dde017b5bbc8b84bc6f21</string>
    <int name="Screenmanager%20Fullscreen%20mode" value="-1" />
    <string name="DailyQuestRefresh">1223616668</string>
    <int name="SessionAge" value="-2" />
    <string name="event_cache_local">%5B%7B%22Id%22%3A%22e9922cb7-011a-463d-aacc-c703aa584147%22%2C%22Type%22%3A13%2C%22StartDate%22%3A%222022-01-10T05%3A00%3A00%22%2C%22EndDate%22%3A%222022-01-16T05%3A00%3A00%22%2C%22GracePeriod%22%3A%221.00%3A00%3A00%22%2C%22Data%22%3A%22%7B%5C%22SignUpPeriodMinutes%5C%22%3A1440%2C%5C%22Round1PeriodMinutes%5C%22%3A1440%2C%5C%22Round2PeriodMinutes%5C%22%3A1440%2C%5C%22Round3PeriodMinutes%5C%22%3A1440%2C%5C%22Round4PeriodMinutes%5C%22%3A1440%2C%5C%22GracePeriodMinutes%5C%22%3A1440%2C%5C%22MinRequiredFlockPower%5C%22%3A50%2C%5C%22RetryRunCost%5C%22%3A200%2C%5C%22RetryCooldownInSeconds%5C%22%3A10800%2C%5C%22RunSeeds%5C%22%3A%5B27085%2C81059%2C89461%2C62247%5D%2C%5C%22Reward1stPlace%5C%22%3A%5B%7B%5C%22Type%5C%22%3A%5C%22RainbowFeathers%5C%22%2C%5C%22Quantity%5C%22%3A7500%2C%5C%22RewardData%5C%22%3A%5B%5D%7D%5D%2C%5C%22Reward2ndPlace%5C%22%3A%5B%7B%5C%22Type%5C%22%3A%5C%22RainbowFeathers%5C%22%2C%5C%22Quantity%5C%22%3A4000%2C%5C%22RewardData%5C%22%3A%5B%5D%7D%5D%2C%5C%22RewardRound3%5C%22%3A%5B%7B%5C%22Type%5C%22%3A%5C%22RainbowFeathers%5C%22%2C%5C%22Quantity%5C%22%3A2000%2C%5C%22RewardData%5C%22%3A%5B%5D%7D%5D%2C%5C%22RewardRound2%5C%22%3A%5B%7B%5C%22Type%5C%22%3A%5C%22RainbowFeathers%5C%22%2C%5C%22Quantity%5C%22%3A1000%2C%5C%22RewardData%5C%22%3A%5B%5D%7D%5D%2C%5C%22RewardRound1%5C%22%3A%5B%7B%5C%22Type%5C%22%3A%5C%22RainbowFeathers%5C%22%2C%5C%22Quantity%5C%22%3A500%2C%5C%22RewardData%5C%22%3A%5B%5D%7D%5D%7D%22%2C%22TargetPlatform%22%3A%22All%22%7D%2C%7B%22Id%22%3A%22cda0aa4d-068a-4c6f-89fc-30000e10da40%22%2C%22Type%22%3A20%2C%22StartDate%22%3A%222022-01-11T05%3A00%3A00%22%2C%22EndDate%22%3A%222022-01-21T05%3A00%3A00%22%2C%22GracePeriod%22%3A%2200%3A00%3A00%22%2C%22Data%22%3A%22%7B%5C%22HatDropInfos%5C%22%3A%5B%7B%5C%22BirdId%5C%22%3A%5C%22RedBird%5C%22%2C%5C%22Floor%5C%22%3A5%2C%5C%22DropChance%5C%22%3A100%7D%2C%7B%5C%22BirdId%5C%22%3A%5C%22BlueBird%5C%22%2C%5C%22Floor%5C%22%3A10%2C%5C%22DropChance%5C%22%3A50%7D%2C%7B%5C%22BirdId%5C%22%3A%5C%22YellowBird%5C%22%2C%5C%22Floor%5C%22%3A15%2C%5C%22DropChance%5C%22%3A25%7D%2C%7B%5C%22BirdId%5C%22%3A%5C%22BlackBird%5C%22%2C%5C%22InfoLocalizationString%5C%22%3A%5C%22Mini-Map-Tab2%5C%22%2C%5C%22DropChance%5C%22%3A1%7D%2C%7B%5C%22BirdId%5C%22%3A%5C%22WhiteBird%5C%22%2C%5C%22Floor%5C%22%3A20%2C%5C%22DropChance%5C%22%3A25%7D%2C%7B%5C%22BirdId%5C%22%3A%5C%22PurpleBird%5C%22%2C%5C%22Floor%5C%22%3A30%2C%5C%22DropChance%5C%22%3A25%7D%2C%7B%5C%22BirdId%5C%22%3A%5C%22TerenceBird%5C%22%2C%5C%22Floor%5C%22%3A35%2C%5C%22DropChance%5C%22%3A25%7D%5D%2C%5C%22BasicTemporaryMultiplier%5C%22%3A20%2C%5C%22UpgradedTemporaryMultiplier%5C%22%3A40%2C%5C%22FinalTemporaryMultiplier%5C%22%3A60%2C%5C%22HatSetId%5C%22%3A%5C%22SnowPig%5C%22%2C%5C%22HatDuplicationInfo%5C%22%3A%7B%5C%22CanReceiveDuplicates%5C%22%3Afalse%2C%5C%22DuplicationMultiplierBonus%5C%22%3A15%2C%5C%22MaxNumberOfDuplicates%5C%22%3A5%2C%5C%22DuplicateDropPercentage%5C%22%3A5%7D%2C%5C%22PlayCooldownInSeconds%5C%22%3A900%2C%5C%22Tiles%5C%22%3A%5B%7B%5C%22RunSettings%5C%22%3A%7B%5C%22Themes%5C%22%3A%5B%5C%22WinterCobalt%5C%22%5D%2C%5C%22TerrainSeeds%5C%22%3A%5B2236021%5D%2C%5C%22ContentSeeds%5C%22%3A%5B1427332%5D%2C%5C%22PigList%5C%22%3A%5C%22Randomize%2FPigLists%2FPigList_Chapter80.txt%5C%22%2C%5C%22NumRooms%5C%22%3A%7B%5C%22MinValue%5C%22%3A1%2C%5C%22MaxValue%5C%22%3A1%7D%2C%5C%22NumTNTsPerRoom%5C%22%3A%7B%5C%22MinValue%5C%22%3A0%2C%5C%22MaxValue%5C%22%3A0%7D%2C%5C%22Difficulty%5C%22%3A%7B%5C%22MinValue%5C%22%3A1%2C%5C%22MaxValue%5C%22%3A3%7D%2C%5C%22NumPigsPerRoom%5C%22%3A%7B%5C%22MinValue%5C%22%3A6%2C%5C%22MaxValue%5C%22%3A8%7D%2C%5C%22MaxNumFloatingTowers%5C%22%3A%7B%5C%22MinValue%5C%22%3A1%2C%5C%22MaxValue%5C%22%3A1%7D%2C%5C%22NumModulesPerRoom%5C%22%3A%5B%7B%5C%22MinValue%5C%22%3A1%2C%5C%22MaxValue%5C%22%3A1%7D%5D%2C%5C%22SpellsAllowed%5C%22%3Afalse%2C%5C%22CardsRefillAllowed%5C%22%3Afalse%2C%5C%22BaseSeed%5C%22%3A387447%2C%5C%22PredefinedTerrains%5C%22%3A%5B%5D%7D%7D%2C%7B%5C%22Reward%5C%22%3A%7B%5C%22Type%5C%22%3A%5C%22TOFEntryTicket%5C%22%2C%5C%22Quantity%5C%22%3A1%2C%5C%22RewardData%5C%22%3A%5B%5D%7D%7D%2C%7B%5C%22RunSettings%5C%22%3A%7B%5C%22Themes%5C%22%3A%5B%5C%22WinterCobalt%5C%22%5D%2C%5C%22TerrainSeeds%5C%22%3A%5B17000%5D%2C%5C%22ContentSeeds%5C%22%3A%5B41781%5D%2C%5C%22PigList%5C%22%3A%5C%22Randomize%2FPigLists%2FPigList_Chapter80.txt%5C%22%2C%5C%22NumRooms%5C%22%3A%7B%5C%22MinValue%5C%22%3A1%2C%5C%22MaxValue%5C%22%3A1%7D%2C%5C%22NumTNTsPerRoom%5C%22%3A%7B%5C%22MinValue%5C%22%3A0%2C%5C%22MaxValue%5C%22%3A0%7D%2C%5C%22Difficulty%5C%22%3A%7B%5C%22MinValue%5C%22%3A3%2C%5C%22MaxValue%5C%22%3A4%7D%2C%5C%22NumPigsPerRoom%5C%22%3A%7B%5C%22MinValue%5C%22%3A6%2C%5C%22MaxValue%5C%22%3A8%7D%2C%5C%22MaxNumFloatingTowers%5C%22%3A%7B%5C%22MinValue%5C%22%3A0%2C%5C%22MaxValue%5C%22%3A0%7D%2C%5C%22NumModulesPerRoom%5C%22%3A%5B%7B%5C%22MinValue%5C%22%3A2%2C%5C%22MaxValue%5C%22%3A2%7D%5D%2C%5C%22SpellsAllowed%5C%22%3Afalse%2C%5C%22CardsRefillAllowed%5C%22%3Afalse%2C%5C%22BaseSeed%5C%22%3A17311%2C%5C%22PredefinedTerrains%5C%22%3A%5B%5D%7D%7D%2C%7B%5C%22RunSettings%5C%22%3A%7B%5C%22Themes%5C%22%3A%5B%5C%22WinterCity%5C%22%5D%2C%5C%22TerrainSeeds%5C%22%3A%5B44020%5D%2C%5C%22ContentSeeds%5C%22%3A%5B16991%5D%2C%5C%22PigList%5C%22%3A%5C%22Randomize%2FPigLists%2FPigList_Chapter80_3.txt%5C%22%2C%5C%22NumRooms%5C%22%3A%7B%5C%22MinValue%5C%22%3A2%2C%5C%22MaxValue%5C%22%3A2%7D%2C%5C%22NumTNTsPerRoom%5C%22%3A%7B%5C%22MinValue%5C%22%3A1%2C%5C%22MaxValue%5C%22%3A1%7D%2C%5C%22Difficulty%5C%22%3A%7B%5C%22MinValue%5C%22%3A3%2C%5C%22MaxValue%5C%22%3A4%7D%2C%5C%22NumPigsPerRoom%5C%22%3A%7B%5C%22MinValue%5C%22%3A10%2C%5C%22MaxValue%5C%22%3A10%7D%2C%5C%22MaxNumFloatingTowers%5C%22%3A%7B%5C%22MinValue%5C%22%3A1%2C%5C%22MaxValue%5C%22%3A1%7D%2C%5C%22NumModulesPerRoom%5C%22%3A%5B%7B%5C%22MinValue%5C%22%3A1%2C%5C%22MaxValue%5C%22%3A1%7D%2C%7B%5C%22MinValue%5C%22%3A1%2C%5C%22MaxValue%5C%22%3A1%7D%5D%2C%5C%22SpellsAllowed%5C%22%3Afalse%2C%5C%22CardsRefillAllowed%5C%22%3Afalse%2C%5C%22BaseSeed%5C%22%3A96094%2C%5C%22PredefinedTerrains%5C%22%3A%5B%5D%7D%7D%2C%7B%5C%22Reward%5C%22%3A%7B%5C%22Type%5C%22%3A%5C%22PremiumGacha%5C%22%2C%5C%22Quantity%5C%22%3A1%2C%5C%22RewardData%5C%22%3A%5B%5D%7D%7D%2C%7B%5C%22RunSettings%5C%22%3A%7B%5C%22Themes%5C%22%3A%5B%5C%22WinterCity%5C%22%5D%2C%5C%22TerrainSeeds%5C%22%3A%5B57455%5D%2C%5C%22ContentSeeds%5C%22%3A%5B49251%5D%2C%5C%22PigList%5C%22%3A%5C%22Randomize%2FPigLists%2FPigList_Chapter80_3.txt%5C%22%2C%5C%22NumRooms%5C%22%3A%7B%5C%22MinValue%5C%22%3A2%2C%5C%22MaxValue%5C%22%3A3%7D%2C%5C%22NumTNTsPerRoom%5C%22%3A%7B%5C%22MinValue%5C%22%3A1%2C%5C%22MaxValue%5C%22%3A1%7D%2C%5C%22Difficulty%5C%22%3A%7B%5C%22MinValue%5C%22%3A3%2C%5C%22MaxValue%5C%22%3A4%7D%2C%5C%22NumPigsPerRoom%5C%22%3A%7B%5C%22MinValue%5C%22%3A8%2C%5C%22MaxValue%5C%22%3A10%7D%2C%5C%22MaxNumFloatingTowers%5C%22%3A%7B%5C%22MinValue%5C%22%3A0%2C%5C%22MaxValue%5C%22%3A1%7D%2C%5C%22NumModulesPerRoom%5C%22%3A%5B%7B%5C%22MinValue%5C%22%3A2%2C%5C%22MaxValue%5C%22%3A2%7D%2C%7B%5C%22MinValue%5C%22%3A2%2C%5C%22MaxValue%5C%22%3A2%7D%2C%7B%5C%22MinValue%5C%22%3A1%2C%5C%22MaxValue%5C%22%3A1%7D%5D%2C%5C%22SpellsAllowed%5C%22%3Afalse%2C%5C%22CardsRefillAllowed%5C%22%3Afalse%2C%5C%22BaseSeed%5C%22%3A77774%2C%5C%22PredefinedTerrains%5C%22%3A%5B%5D%7D%7D%2C%7B%5C%22Reward%5C%22%3A%7B%5C%22Type%5C%22%3A%5C%22EventCurrency%5C%22%2C%5C%22Quantity%5C%22%3A500%2C%5C%22RewardData%5C%22%3A%5B%5D%7D%7D%2C%7B%5C%22RunSettings%5C%22%3A%7B%5C%22Themes%5C%22%3A%5B%5C%22WinterCobalt%5C%22%5D%2C%5C%22TerrainSeeds%5C%22%3A%5B46348%5D%2C%5C%22ContentSeeds%5C%22%3A%5B96578%5D%2C%5C%22PigList%5C%22%3A%5C%22Randomize%2FPigLists%2FPigList_Quantum_Easy.txt%5C%22%2C%5C%22NumRooms%5C%22%3A%7B%5C%22MinValue%5C%22%3A3%2C%5C%22MaxValue%5C%22%3A3%7D%2C%5C%22NumTNTsPerRoom%5C%22%3A%7B%5C%22MinValue%5C%22%3A1%2C%5C%22MaxValue%5C%22%3A2%7D%2C%5C%22Difficulty%5C%22%3A%7B%5C%22MinValue%5C%22%3A4%2C%5C%22MaxValue%5C%22%3A5%7D%2C%5C%22NumPigsPerRoom%5C%22%3A%7B%5C%22MinValue%5C%22%3A8%2C%5C%22MaxValue%5C%22%3A10%7D%2C%5C%22MaxNumFloatingTowers%5C%22%3A%7B%5C%22MinValue%5C%22%3A1%2C%5C%22MaxValue%5C%22%3A1%7D%2C%5C%22NumModulesPerRoom%5C%22%3A%5B%7B%5C%22MinValue%5C%22%3A1%2C%5C%22MaxValue%5C%22%3A1%7D%2C%7B%5C%22MinValue%5C%22%3A2%2C%5C%22MaxValue%5C%22%3A2%7D%2C%7B%5C%22MinValue%5C%22%3A1%2C%5C%22MaxValue%5C%22%3A1%7D%5D%2C%5C%22SpellsAllowed%5C%22%3Afalse%2C%5C%22CardsRefillAllowed%5C%22%3Afalse%2C%5C%22BaseSeed%5C%22%3A16777%2C%5C%22PredefinedTerrains%5C%22%3A%5B%5D%7D%7D%2C%7B%5C%22Reward%5C%22%3A%7B%5C%22Type%5C%22%3A%5C%22Costume%5C%22%2C%5C%22Quantity%5C%22%3A1%2C%5C%22RewardData%5C%22%3A%5B%5C%22SnowPig%5C%22%2C%5C%22BlackBird%5C%22%5D%7D%2C%5C%22ReplacementReward%5C%22%3A%7B%5C%22Type%5C%22%3A%5C%22BlackPearl%5C%22%2C%5C%22Quantity%5C%22%3A100%2C%5C%22RewardData%5C%22%3A%5B%5D%7D%7D%2C%7B%5C%22RunSettings%5C%22%3A%7B%5C%22Themes%5C%22%3A%5B%5C%22WinterCity%5C%22%5D%2C%5C%22TerrainSeeds%5C%22%3A%5B27658%5D%2C%5C%22ContentSeeds%5C%22%3A%5B57318%5D%2C%5C%22PigList%5C%22%3A%5C%22Randomize%2FPigLists%2FPigList_Quantum_Mixed.txt%5C%22%2C%5C%22NumRooms%5C%22%3A%7B%5C%22MinValue%5C%22%3A3%2C%5C%22MaxValue%5C%22%3A4%7D%2C%5C%22NumTNTsPerRoom%5C%22%3A%7B%5C%22MinValue%5C%22%3A1%2C%5C%22MaxValue%5C%22%3A1%7D%2C%5C%22Difficulty%5C%22%3A%7B%5C%22MinValue%5C%22%3A4%2C%5C%22MaxValue%5C%22%3A5%7D%2C%5C%22NumPigsPerRoom%5C%22%3A%7B%5C%22MinValue%5C%22%3A10%2C%5C%22MaxValue%5C%22%3A12%7D%2C%5C%22MaxNumFloatingTowers%5C%22%3A%7B%5C%22MinValue%5C%22%3A1%2C%5C%22MaxValue%5C%22%3A2%7D%2C%5C%22NumModulesPerRoom%5C%22%3A%5B%7B%5C%22MinValue%5C%22%3A2%2C%5C%22MaxValue%5C%22%3A2%7D%2C%7B%5C%22MinValue%5C%22%3A2%2C%5C%22MaxValue%5C%22%3A2%7D%2C%7B%5C%22MinValue%5C%22%3A2%2C%5C%22MaxValue%5C%22%3A2%7D%2C%7B%5C%22MinValue%5C%22%3A1%2C%5C%22MaxValue%5C%22%3A1%7D%5D%2C%5C%22SpellsAllowed%5C%22%3Afalse%2C%5C%22CardsRefillAllowed%5C%22%3Afalse%2C%5C%22BaseSeed%5C%22%3A81437%2C%5C%22PredefinedTerrains%5C%22%3A%5B%5D%7D%7D%2C%7B%5C%22RunSettings%5C%22%3A%7B%5C%22Themes%5C%22%3A%5B%5C%22WinterCobalt%5C%22%5D%2C%5C%22TerrainSeeds%5C%22%3A%5B521025%5D%2C%5C%22ContentSeeds%5C%22%3A%5B240649%5D%2C%5C%22PigList%5C%22%3A%5C%22Randomize%2FPigLists%2FPigList_Quantum_Hard.txt%5C%22%2C%5C%22NumRooms%5C%22%3A%7B%5C%22MinValue%5C%22%3A4%2C%5C%22MaxValue%5C%22%3A5%7D%2C%5C%22NumTNTsPerRoom%5C%22%3A%7B%5C%22MinValue%5C%22%3A1%2C%5C%22MaxValue%5C%22%3A2%7D%2C%5C%22Difficulty%5C%22%3A%7B%5C%22MinValue%5C%22%3A4%2C%5C%22MaxValue%5C%22%3A5%7D%2C%5C%22NumPigsPerRoom%5C%22%3A%7B%5C%22MinValue%5C%22%3A10%2C%5C%22MaxValue%5C%22%3A12%7D%2C%5C%22MaxNumFloatingTowers%5C%22%3A%7B%5C%22MinValue%5C%22%3A2%2C%5C%22MaxValue%5C%22%3A3%7D%2C%5C%22NumModulesPerRoom%5C%22%3A%5B%7B%5C%22MinValue%5C%22%3A3%2C%5C%22MaxValue%5C%22%3A3%7D%2C%7B%5C%22MinValue%5C%22%3A2%2C%5C%22MaxValue%5C%22%3A2%7D%2C%7B%5C%22MinValue%5C%22%3A2%2C%5C%22MaxValue%5C%22%3A2%7D%2C%7B%5C%22MinValue%5C%22%3A2%2C%5C%22MaxValue%5C%22%3A2%7D%2C%7B%5C%22MinValue%5C%22%3A2%2C%5C%22MaxValue%5C%22%3A2%7D%5D%2C%5C%22SpellsAllowed%5C%22%3Afalse%2C%5C%22CardsRefillAllowed%5C%22%3Afalse%2C%5C%22BaseSeed%5C%22%3A71332%2C%5C%22PredefinedTerrains%5C%22%3A%5B%5D%7D%7D%2C%7B%5C%22Reward%5C%22%3A%7B%5C%22Type%5C%22%3A%5C%22BlackPearl%5C%22%2C%5C%22Quantity%5C%22%3A200%2C%5C%22RewardData%5C%22%3A%5B%5D%7D%7D%2C%7B%5C%22RunSettings%5C%22%3A%7B%5C%22Themes%5C%22%3A%5B%5C%22WinterCity%5C%22%5D%2C%5C%22TerrainSeeds%5C%22%3A%5B41914%5D%2C%5C%22ContentSeeds%5C%22%3A%5B56028%5D%2C%5C%22PigList%5C%22%3A%5C%22Randomize%2FPigLists%2FPigList_ALL.txt%5C%22%2C%5C%22NumRooms%5C%22%3A%7B%5C%22MinValue%5C%22%3A5%2C%5C%22MaxValue%5C%22%3A5%7D%2C%5C%22NumTNTsPerRoom%5C%22%3A%7B%5C%22MinValue%5C%22%3A1%2C%5C%22MaxValue%5C%22%3A2%7D%2C%5C%22Difficulty%5C%22%3A%7B%5C%22MinValue%5C%22%3A4%2C%5C%22MaxValue%5C%22%3A5%7D%2C%5C%22NumPigsPerRoom%5C%22%3A%7B%5C%22MinValue%5C%22%3A10%2C%5C%22MaxValue%5C%22%3A12%7D%2C%5C%22MaxNumFloatingTowers%5C%22%3A%7B%5C%22MinValue%5C%22%3A2%2C%5C%22MaxValue%5C%22%3A3%7D%2C%5C%22NumModulesPerRoom%5C%22%3A%5B%7B%5C%22MinValue%5C%22%3A3%2C%5C%22MaxValue%5C%22%3A3%7D%2C%7B%5C%22MinValue%5C%22%3A2%2C%5C%22MaxValue%5C%22%3A2%7D%2C%7B%5C%22MinValue%5C%22%3A3%2C%5C%22MaxValue%5C%22%3A3%7D%2C%7B%5C%22MinValue%5C%22%3A2%2C%5C%22MaxValue%5C%22%3A2%7D%2C%7B%5C%22MinValue%5C%22%3A1%2C%5C%22MaxValue%5C%22%3A1%7D%5D%2C%5C%22SpellsAllowed%5C%22%3Afalse%2C%5C%22CardsRefillAllowed%5C%22%3Afalse%2C%5C%22BaseSeed%5C%22%3A88346%2C%5C%22PredefinedTerrains%5C%22%3A%5B%5D%7D%7D%2C%7B%5C%22Reward%5C%22%3A%7B%5C%22Type%5C%22%3A%5C%22EventCurrency%5C%22%2C%5C%22Quantity%5C%22%3A1000%2C%5C%22RewardData%5C%22%3A%5B%5D%7D%7D%5D%2C%5C%22CloudAssets%5C%22%3A%7B%5C%22PopupBackground%5C%22%3A%5C%22event_background_holidays.png%5C%22%7D%2C%5C%22HeaderLocalizationKey%5C%22%3A%5C%22SetDescription-SnowPig%5C%22%2C%5C%22AdventureHeaderLocalizationKey%5C%22%3A%5C%22AdventureName-SnowPig%5C%22%7D%22%2C%22TargetPlatform%22%3A%22All%22%7D%2C%7B%22Id%22%3A%22c1f2ba2a-2a7c-4d7c-88c1-d1336c402eee%22%2C%22Type%22%3A19%2C%22StartDate%22%3A%222022-01-11T05%3A00%3A00%22%2C%22EndDate%22%3A%222022-01-24T05%3A00%3A00%22%2C%22GracePeriod%22%3A%223.00%3A00%3A00%22%2C%22Data%22%3A%22%7B%5C%22CurrencyNameLocalization%5C%22%3A%5C%22Event-Currency-Name-SnowPig%5C%22%2C%5C%22ShopDescriptionLocalizationKey%5C%22%3A%5C%22Event_Shop_Subtitle%5C%22%2C%5C%22HeaderLocalizationKey%5C%22%3A%5C%22Event-Shop-Title-SnowPig%5C%22%2C%5C%22CurrencyToFallbackConversionRate%5C%22%3A1%2C%5C%22CloudAssets%5C%22%3A%7B%5C%22PopupBackground%5C%22%3A%5C%22event_background_holidays.png%5C%22%2C%5C%22PopupLeftDecoration%5C%22%3A%5C%22EventShopLeftDecoration-christmas.png%5C%22%2C%5C%22PopupRightDecoration%5C%22%3A%5C%22EventShopRightDecoration-christmas.png%5C%22%2C%5C%22CurrencyIcon%5C%22%3A%5C%22EventShopCurrency-Winter.png%5C%22%2C%5C%22button_values_CurrencyIcon%5C%22%3A%5C%22button_value_currencyevent-winter.png%5C%22%7D%2C%5C%22Shop%5C%22%3A%7B%5C%22ItemBackgroundHexColor%5C%22%3A%5C%22%237C4982%5C%22%2C%5C%22ItemBackgroundPurchasedHexColor%5C%22%3A%5C%22%235B3360%5C%22%2C%5C%22LabelBackgroundHexColor%5C%22%3A%5C%22%23A578AB%5C%22%2C%5C%22LabelBackgroundPurchasedHexColor%5C%22%3A%5C%22%23422646%5C%22%2C%5C%22Items%5C%22%3A%5B%7B%5C%22Id%5C%22%3A1%2C%5C%22Reward%5C%22%3A%7B%5C%22Type%5C%22%3A%5C%22CostumeEvolution%5C%22%2C%5C%22Quantity%5C%22%3A1%2C%5C%22RewardData%5C%22%3A%5B%5C%22SnowPig%5C%22%2C%5C%22RedBird%5C%22%5D%7D%2C%5C%22Prices%5C%22%3A%5B200%2C350%5D%2C%5C%22PurchaseLimit%5C%22%3A0%7D%2C%7B%5C%22Id%5C%22%3A2%2C%5C%22Reward%5C%22%3A%7B%5C%22Type%5C%22%3A%5C%22CostumeEvolution%5C%22%2C%5C%22Quantity%5C%22%3A1%2C%5C%22RewardData%5C%22%3A%5B%5C%22SnowPig%5C%22%2C%5C%22BlueBird%5C%22%5D%7D%2C%5C%22Prices%5C%22%3A%5B200%2C350%5D%2C%5C%22PurchaseLimit%5C%22%3A0%7D%2C%7B%5C%22Id%5C%22%3A3%2C%5C%22Reward%5C%22%3A%7B%5C%22Type%5C%22%3A%5C%22CostumeEvolution%5C%22%2C%5C%22Quantity%5C%22%3A1%2C%5C%22RewardData%5C%22%3A%5B%5C%22SnowPig%5C%22%2C%5C%22YellowBird%5C%22%5D%7D%2C%5C%22Prices%5C%22%3A%5B500%2C850%5D%2C%5C%22PurchaseLimit%5C%22%3A0%7D%2C%7B%5C%22Id%5C%22%3A4%2C%5C%22Reward%5C%22%3A%7B%5C%22Type%5C%22%3A%5C%22CostumeEvolution%5C%22%2C%5C%22Quantity%5C%22%3A1%2C%5C%22RewardData%5C%22%3A%5B%5C%22SnowPig%5C%22%2C%5C%22BlackBird%5C%22%5D%7D%2C%5C%22Prices%5C%22%3A%5B500%2C850%5D%2C%5C%22PurchaseLimit%5C%22%3A0%7D%2C%7B%5C%22Id%5C%22%3A5%2C%5C%22Reward%5C%22%3A%7B%5C%22Type%5C%22%3A%5C%22CostumeEvolution%5C%22%2C%5C%22Quantity%5C%22%3A1%2C%5C%22RewardData%5C%22%3A%5B%5C%22SnowPig%5C%22%2C%5C%22WhiteBird%5C%22%5D%7D%2C%5C%22Prices%5C%22%3A%5B1000%2C2000%5D%2C%5C%22PurchaseLimit%5C%22%3A0%7D%2C%7B%5C%22Id%5C%22%3A6%2C%5C%22Reward%5C%22%3A%7B%5C%22Type%5C%22%3A%5C%22CostumeEvolution%5C%22%2C%5C%22Quantity%5C%22%3A1%2C%5C%22RewardData%5C%22%3A%5B%5C%22SnowPig%5C%22%2C%5C%22PurpleBird%5C%22%5D%7D%2C%5C%22Prices%5C%22%3A%5B1500%2C3000%5D%2C%5C%22PurchaseLimit%5C%22%3A0%7D%2C%7B%5C%22Id%5C%22%3A7%2C%5C%22Reward%5C%22%3A%7B%5C%22Type%5C%22%3A%5C%22CostumeEvolution%5C%22%2C%5C%22Quantity%5C%22%3A1%2C%5C%22RewardData%5C%22%3A%5B%5C%22SnowPig%5C%22%2C%5C%22TerenceBird%5C%22%5D%7D%2C%5C%22Prices%5C%22%3A%5B2000%2C4000%5D%2C%5C%22PurchaseLimit%5C%22%3A0%7D%2C%7B%5C%22Id%5C%22%3A8%2C%5C%22Reward%5C%22%3A%7B%5C%22Type%5C%22%3A%5C%22TOFEntryTicket%5C%22%2C%5C%22Quantity%5C%22%3A1%7D%2C%5C%22Prices%5C%22%3A%5B200%5D%2C%5C%22PurchaseLimit%5C%22%3A5%7D%2C%7B%5C%22Id%5C%22%3A9%2C%5C%22Reward%5C%22%3A%7B%5C%22Type%5C%22%3A%5C%22FreeBirdToken%5C%22%2C%5C%22Quantity%5C%22%3A1%7D%2C%5C%22Prices%5C%22%3A%5B300%5D%2C%5C%22PurchaseLimit%5C%22%3A3%7D%2C%7B%5C%22Id%5C%22%3A10%2C%5C%22Reward%5C%22%3A%7B%5C%22Type%5C%22%3A%5C%22TOFExpressTicket%5C%22%2C%5C%22Quantity%5C%22%3A1%7D%2C%5C%22Prices%5C%22%3A%5B2000%5D%2C%5C%22PurchaseLimit%5C%22%3A1%7D%2C%7B%5C%22Id%5C%22%3A11%2C%5C%22Reward%5C%22%3A%7B%5C%22Type%5C%22%3A%5C%22RainbowFeathers%5C%22%2C%5C%22Quantity%5C%22%3A1000%7D%2C%5C%22Prices%5C%22%3A%5B200%5D%2C%5C%22PurchaseLimit%5C%22%3A0%7D%2C%7B%5C%22Id%5C%22%3A12%2C%5C%22Reward%5C%22%3A%7B%5C%22Type%5C%22%3A%5C%22RainbowFeathers%5C%22%2C%5C%22Quantity%5C%22%3A2200%7D%2C%5C%22Prices%5C%22%3A%5B400%5D%2C%5C%22PurchaseLimit%5C%22%3A0%7D%5D%7D%2C%5C%22ReplacementReward%5C%22%3A%7B%5C%22Type%5C%22%3A%5C%22EventCurrency%5C%22%7D%2C%5C%22ReplacementConfigurations%5C%22%3A%5B%7B%5C%22RewardSource%5C%22%3A%5C%22DailyChallengeReward%5C%22%2C%5C%22RewardsToReplace%5C%22%3A%5B%7B%5C%22RewardType%5C%22%3A%5C%22Feathers%5C%22%2C%5C%22Identifier%5C%22%3A%5C%22%5C%22%2C%5C%22Multiplier%5C%22%3A0.2%7D%5D%7D%2C%7B%5C%22RewardSource%5C%22%3A%5C%22TowerOfFortune%5C%22%2C%5C%22RewardsToReplace%5C%22%3A%5B%7B%5C%22RewardType%5C%22%3A%5C%22Feathers%5C%22%2C%5C%22Identifier%5C%22%3A%5C%22%5C%22%2C%5C%22Multiplier%5C%22%3A0.2%7D%2C%7B%5C%22RewardType%5C%22%3A%5C%22Spell%5C%22%2C%5C%22Identifier%5C%22%3A%5C%22%5C%22%2C%5C%22Multiplier%5C%22%3A40%7D%5D%7D%2C%7B%5C%22RewardSource%5C%22%3A%5C%22KingPigPanicReward%5C%22%2C%5C%22RewardsToReplace%5C%22%3A%5B%7B%5C%22RewardType%5C%22%3A%5C%22Feathers%5C%22%2C%5C%22Identifier%5C%22%3A%5C%22%5C%22%2C%5C%22Multiplier%5C%22%3A0.2%7D%5D%7D%2C%7B%5C%22RewardSource%5C%22%3A%5C%22PremiumGacha%5C%22%2C%5C%22RewardsToReplace%5C%22%3A%5B%7B%5C%22RewardType%5C%22%3A%5C%22Feathers%5C%22%2C%5C%22Identifier%5C%22%3A%5C%22%5C%22%2C%5C%22Multiplier%5C%22%3A0.1%7D%5D%7D%2C%7B%5C%22RewardSource%5C%22%3A%5C%22EpicGacha%5C%22%2C%5C%22RewardsToReplace%5C%22%3A%5B%7B%5C%22RewardType%5C%22%3A%5C%22BlackPearl%5C%22%2C%5C%22Identifier%5C%22%3A%5C%22%5C%22%2C%5C%22Multiplier%5C%22%3A0.75%7D%5D%7D%2C%7B%5C%22RewardSource%5C%22%3A%5C%22FreeGacha%5C%22%2C%5C%22RewardsToReplace%5C%22%3A%5B%7B%5C%22RewardType%5C%22%3A%5C%22Spell%5C%22%2C%5C%22Idetifier%5C%22%3A%5C%22PigInflator%5C%22%2C%5C%22Multiplier%5C%22%3A10%7D%2C%7B%5C%22RewardType%5C%22%3A%5C%22Spell%5C%22%2C%5C%22Idetifier%5C%22%3A%5C%22Blizzard%5C%22%2C%5C%22Multiplier%5C%22%3A10%7D%2C%7B%5C%22RewardType%5C%22%3A%5C%22Spell%5C%22%2C%5C%22Idetifier%5C%22%3A%5C%22MagicDuck%5C%22%2C%5C%22Multiplier%5C%22%3A10%7D%2C%7B%5C%22RewardType%5C%22%3A%5C%22Spell%5C%22%2C%5C%22Idetifier%5C%22%3A%5C%22Chili%5C%22%2C%5C%22Multiplier%5C%22%3A10%7D%2C%7B%5C%22RewardType%5C%22%3A%5C%22Spell%5C%22%2C%5C%22Idetifier%5C%22%3A%5C%22MightyEagleCaller%5C%22%2C%5C%22Multiplier%5C%22%3A30%7D%2C%7B%5C%22RewardType%5C%22%3A%5C%22ArenaTicket%5C%22%2C%5C%22Identifier%5C%22%3A%5C%22%5C%22%2C%5C%22Multiplier%5C%22%3A10%7D%5D%7D%5D%7D%22%2C%22TargetPlatform%22%3A%22All%22%7D%2C%7B%22Id%22%3A%227857f93d-797f-4060-99fa-db0a26a33d06%22%2C%22Type%22%3A7%2C%22StartDate%22%3A%222022-01-14T00%3A00%3A00%22%2C%22EndDate%22%3A%222022-01-19T00%3A00%3A00%22%2C%22GracePeriod%22%3A%2200%3A00%3A00%22%2C%22Data%22%3A%22%7B%5C%22ScoreMultiplier%5C%22%3A3%2C%5C%22DailyFoodConfigName%5C%22%3A%5C%22hatchling_fever%5C%22%7D%22%2C%22TargetPlatform%22%3A%22All%22%7D%5D</string>
</map>
