<?xml version='1.0' encoding='utf-8' standalone='yes' ?>
<map>
    <string name="UNCLOK_wheel_40_wheelcolor_0">1981</string>
    <string name="hydraecuallunlocked">0</string>
    <string name="macero_gtairfilterallunlocked">0</string>
    <string name="CAR_CUSTOMIZATION_KEYcar_vampire_svxWindowTint">0</string>
    <string name="vampirelubricants">0</string>
    <string name="DM2_UNLOCK_STUFFWeightReduction_Stage1">0b54d0a12cd1c1f85e8e2945e244dd1f</string>
    <string name="macero_gttransmission">0</string>
    <int name="Screenmanager%20Is%20Fullscreen%20mode" value="0" />
    <string name="DM2_UNLOCK_STUFFcar_radia_helix_window_0">0b54d0a12cd1c1f85e8e2945e244dd1f</string>
    <string name="vulturesuspension">0</string>
    <string name="avaneo_turboexhaust">0</string>
    <string name="kodora_turboairfilter">0</string>
    <string name="CAR_CUSTOMIZATION_KEYcar_vampire_svxBodyKit">0</string>
    <string name="GAME_SETTINGSunit_type">0</string>
    <string name="UNCLOK_Car20_Default">1981</string>
    <string name="elixam12handbrake">0</string>
    <string name="car_rohr_turbosuspension_adjustment">0.5</string>
    <string name="rohrclutchallunlocked">0</string>
    <string name="rohrlubricantsallunlocked">0</string>
    <string name="wadaexhaust">0</string>
    <string name="CAR_CUSTOMIZATION_KEYcar_intenza_gsWheel">12</string>
    <string name="DM2_UNLOCK_STUFFCar20_Default">0b54d0a12cd1c1f85e8e2945e244dd1f</string>
    <string name="mizuchiairfilter">0</string>
    <string name="CAR_CUSTOMIZATION_KEYcar_tomahawk_69WheelColor33">0</string>
    <string name="UNLOCK_ALL_TRACKS">0</string>
    <string name="CAR_CUSTOMIZATION_KEYcar_vampire_svxWheelColor17">0</string>
    <string name="hydrahandbrakeallunlocked">0</string>
    <string name="tomahawk69suspensionallunlocked">0</string>
    <string name="CAR_CUSTOMIZATION_KEYcar_macero_gtBodyKit">0</string>
    <string name="DM2_UNLOCK_STUFFcar_wada_r2_window_0">0b54d0a12cd1c1f85e8e2945e244dd1f</string>
    <string name="CAR_CUSTOMIZATION_KEYcar_combusta_lsWheelColor9">0</string>
    <string name="CAR_CUSTOMIZATION_KEYcar_elixa_m12BodyKit">0</string>
    <string name="UNCLOK_car_tomahawk_69_window_0">1981</string>
    <string name="DM2_UNLOCK_STUFFcar_kunna_zxr_carcolor_0">0b54d0a12cd1c1f85e8e2945e244dd1f</string>
    <string name="elixam12clutchallunlocked">0</string>
    <string name="combusta_lstiresallunlocked">0</string>
    <string name="UNCLOK_car_combusta_ls_window_0">1981</string>
    <string name="tensiogtxexhaust">0</string>
    <string name="kodora_turboweightreduction">0</string>
    <string name="kodora_turbosuspension">0</string>
    <string name="namazu_gtsexhaustallunlocked">0</string>
    <string name="UNCLOK_car_mizuchi_srz_window_0">1981</string>
    <string name="hydraairfilter">0</string>
    <string name="UNCLOK_Car07_Stage2">0</string>
    <string name="UNCLOK_Car07_Stage1">0</string>
    <string name="vampireairfilter">0</string>
    <string name="UNCLOK_Car07_Stage3">0</string>
    <string name="namazu_gtstires">0</string>
    <string name="mizuchiflywheel">0</string>
    <string name="macero_gtexhaustallunlocked">0</string>
    <string name="tomahawk600gtweightreduction">0</string>
    <string name="oceana_lxairfilter">0</string>
    <string name="stingerexhaustallunlocked">0</string>
    <string name="kodora_turboflywheelallunlocked">0</string>
    <string name="UNCLOK_car_kodora_turbo_window_0">1981</string>
    <string name="macero_gtexhaust">0</string>
    <string name="macero_gtflywheelallunlocked">0</string>
    <string name="UNCLOK_car_tensio_gtx_carcolor_0">1981</string>
    <string name="DM2_UNLOCK_STUFFwheel_31_wheelcolor_0">0b54d0a12cd1c1f85e8e2945e244dd1f</string>
    <string name="elixam12transmissionallunlocked">0</string>
    <string name="wadasuspension">0</string>
    <string name="macero_gtlubricants">0</string>
    <string name="DM2_UNLOCK_STUFFcar_namazu_gts_carcolor_0">0b54d0a12cd1c1f85e8e2945e244dd1f</string>
    <string name="tomahawk69transmission">0</string>
    <string name="combusta_lsflywheelallunlocked">0</string>
    <string name="car_combusta_lsacceleeration">0.5</string>
    <string name="vulturesuspensionallunlocked">0</string>
    <string name="vulturehandbrake">0</string>
    <string name="macero_gtengineoil">0</string>
    <string name="UNCLOK_Car09_Spoiler_Default">1981</string>
    <string name="UNLIMITED_CASH">1</string>
    <string name="CAR_CUSTOMIZATION_KEYcar_oceana_lxWindowTint">0</string>
    <string name="wadaecuallunlocked">0</string>
    <string name="CAR_CUSTOMIZATION_KEYcar_tensio_gtxSpoilerKit">0</string>
    <string name="CAR_CUSTOMIZATION_KEYcar_kommando_gtoBodyColor">0</string>
    <string name="radia_helixexhaust">0</string>
    <string name="namazu_gtstransmission">0</string>
    <string name="mizuchiweightreduction">0</string>
    <string name="tomahawk69tires">0</string>
    <string name="UNCLOK_car_kommando_gto_carcolor_0">1981</string>
    <string name="CAR_CUSTOMIZATION_KEYcar_tensio_gtxWheelColor6">0</string>
    <string name="namazu_gtsclutchallunlocked">0</string>
    <string name="DM2_UNLOCK_STUFFWheel22">0b54d0a12cd1c1f85e8e2945e244dd1f</string>
    <string name="CAR_CUSTOMIZATION_KEYcar_stinger_gtsSpoilerKit">0</string>
    <string name="macero_gtecuallunlocked">0</string>
    <string name="vultureexhaust">0</string>
    <string name="DM2_UNLOCK_STUFFWheel25">0b54d0a12cd1c1f85e8e2945e244dd1f</string>
    <string name="UNCLOK_car_mizuchi_srz_carcolor_0">1981</string>
    <string name="vampireengineoil">0</string>
    <string name="DM2_UNLOCK_STUFFWheel21">0b54d0a12cd1c1f85e8e2945e244dd1f</string>
    <string name="CAR_CUSTOMIZATION_KEYcar_kunna_zxrWheel">21</string>
    <string name="hydraengineoilallunlocked">0</string>
    <string name="UNCLOK_WeightReduction_Stage4">0</string>
    <string name="vampireweightreduction">0</string>
    <string name="UNCLOK_WeightReduction_Stage3">0</string>
    <string name="UNCLOK_WeightReduction_Stage2">0</string>
    <string name="UNCLOK_WeightReduction_Stage1">1981</string>
    <string name="UNCLOK_car_radia_helix_carcolor_0">1981</string>
    <string name="avaneo_turboairfilterallunlocked">0</string>
    <int name="__UNITY_PLAYERPREFS_VERSION__" value="1" />
    <string name="car_macero_gtacceleeration">0.5</string>
    <string name="CAR_CUSTOMIZATION_KEYcar_rohr_turboBodyColor">0</string>
    <string name="UNCLOK_Car12_Spoiler_Default">1981</string>
    <string name="vampireecuallunlocked">0</string>
    <string name="UNCLOK_Car15_Spoiler_Default">1981</string>
    <string name="UNCLOK_Car18_Spoiler_Default">1981</string>
    <string name="namazu_gtsweightreductionallunlocked">0</string>
    <string name="ACHIEVMENT_DM2_canyon11">0</string>
    <string name="DM2_UNLOCK_STUFFWheel33">0b54d0a12cd1c1f85e8e2945e244dd1f</string>
    <string name="ACHIEVMENT_DM2_canyon10">0</string>
    <string name="DM2_UNLOCK_STUFFWheel34">0b54d0a12cd1c1f85e8e2945e244dd1f</string>
    <string name="intenziaflywheelallunlocked">0</string>
    <string name="UNCLOK_Car06_Spoiler_Default">1981</string>
    <string name="tensiogtxclutch">0</string>
    <string name="ACHIEVMENT_DM2_canyon14">0</string>
    <string name="UNCLOK_Car03_Spoiler_Default">1981</string>
    <string name="ACHIEVMENT_DM2_canyon13">0</string>
    <string name="DM2_UNLOCK_STUFFWheel31">0b54d0a12cd1c1f85e8e2945e244dd1f</string>
    <string name="DM2_UNLOCK_STUFFWheel32">0b54d0a12cd1c1f85e8e2945e244dd1f</string>
    <string name="intenziaflywheel">0</string>
    <string name="ACHIEVMENT_DM2_canyon12">0</string>
    <string name="kommando_gtotiresallunlocked">0</string>
    <string name="DM2_UNLOCK_STUFFExhaust_Stage1">0b54d0a12cd1c1f85e8e2945e244dd1f</string>
    <string name="rohrlubricants">0</string>
    <string name="tomahawk600gttransmission">0</string>
    <string name="CAR_CUSTOMIZATION_KEYcar_rohr_turboWindowTint">0</string>
    <string name="DM2_UNLOCK_STUFFcar_hydra_gsr_window_0">0b54d0a12cd1c1f85e8e2945e244dd1f</string>
    <string name="rohrairfilter">0</string>
    <string name="UNCLOK_car_wada_r2_carcolor_0">1981</string>
    <string name="CAR_CUSTOMIZATION_KEYcar_avaneo_turboBodyKit">0</string>
    <string name="stingertiresallunlocked">0</string>
    <string name="tomahawk69flywheelallunlocked">0</string>
    <string name="radia_helixairfilter">0</string>
    <string name="kodora_turboexhaustallunlocked">0</string>
    <string name="macero_gtsuspensionallunlocked">0</string>
    <string name="DM2_UNLOCK_STUFFwheel_32_wheelcolor_0">0b54d0a12cd1c1f85e8e2945e244dd1f</string>
    <string name="UNCLOK_car_hydra_gsr_window_0">1981</string>
    <string name="CAR_CUSTOMIZATION_KEYcar_hydra_gsrWheelColor20">0</string>
    <string name="tensiogtxsuspensionallunlocked">0</string>
    <string name="kunna_zxrlubricantsallunlocked">0</string>
    <string name="vampirelubricantsallunlocked">0</string>
    <string name="kodora_turbotiresallunlocked">0</string>
    <string name="UNCLOK_car_wada_r2_window_0">1981</string>
    <string name="car_rohr_turbosteering_senesitivity">0.5</string>
    <string name="DM2_UNLOCK_STUFFcar_radia_helix_carcolor_0">0b54d0a12cd1c1f85e8e2945e244dd1f</string>
    <string name="stingerweightreduction">0</string>
    <string name="CAR_CUSTOMIZATION_KEYcar_intenza_gsBodyColor">0</string>
    <string name="kommando_gtoengineoilallunlocked">0</string>
    <string name="oceana_lxtires">0</string>
    <string name="KEY_LOADING_INDEX">3</string>
    <string name="intenziaengineoil">0</string>
    <string name="kommando_gtoweightreductionallunlocked">0</string>
    <string name="CAR_CUSTOMIZATION_KEYcar_namazu_gtsWheelColor1">0</string>
    <string name="UNCLOK_EngineOil_Stage2">0</string>
    <string name="DM2_UNLOCK_STUFFwheel_2_wheelcolor_0">0b54d0a12cd1c1f85e8e2945e244dd1f</string>
    <string name="UNCLOK_EngineOil_Stage3">0</string>
    <string name="CAR_CUSTOMIZATION_KEYcar_combusta_lsSpoilerKit">0</string>
    <string name="DM2_UNLOCK_STUFFCar18_Spoiler_Default">0b54d0a12cd1c1f85e8e2945e244dd1f</string>
    <string name="UNCLOK_EngineOil_Stage4">0</string>
    <string name="DM2_UNLOCK_STUFFTrack01">0b54d0a12cd1c1f85e8e2945e244dd1f</string>
    <string name="UNCLOK_EngineOil_Stage1">1981</string>
    <string name="car_avaneo_turboacceleeration">0.5</string>
    <string name="UNCLOK_ECU_Stage1">1981</string>
    <string name="kodora_turboexhaust">0</string>
    <string name="UNCLOK_ECU_Stage2">0</string>
    <string name="UNCLOK_ECU_Stage3">0</string>
    <string name="UNCLOK_wheel_21_wheelcolor_0">1981</string>
    <string name="UNCLOK_ECU_Stage4">0</string>
    <string name="PLAYER_Track_Index">0</string>
    <string name="DM2_UNLOCK_STUFFCar12_Spoiler_Default">0b54d0a12cd1c1f85e8e2945e244dd1f</string>
    <string name="UNCLOK_Car09_Default">1981</string>
    <string name="tomahawk69clutchallunlocked">0</string>
    <string name="DM2_UNLOCK_STUFFCar15_Spoiler_Default">0b54d0a12cd1c1f85e8e2945e244dd1f</string>
    <string name="kodora_turboengineoil">0</string>
    <string name="DM2_UNLOCK_STUFFCar09_Default">0b54d0a12cd1c1f85e8e2945e244dd1f</string>
    <string name="radia_helixlubricants">0</string>
    <string name="UNCLOK_wheel_32_wheelcolor_0">1981</string>
    <string name="combusta_lsecu">0</string>
    <string name="UNCLOK_Car21_Spoiler_Default">1981</string>
    <string name="avaneo_turboweightreduction">0</string>
    <string name="UNCLOK_car_tomahawk_600gt_carcolor_0">1981</string>
    <string name="DM2_UNLOCK_STUFFwheel_10_wheelcolor_0">0b54d0a12cd1c1f85e8e2945e244dd1f</string>
    <string name="mizuchitransmissionallunlocked">0</string>
    <string name="DM2_UNLOCK_STUFFwheel_11_wheelcolor_0">0b54d0a12cd1c1f85e8e2945e244dd1f</string>
    <string name="kunna_zxrexhaustallunlocked">0</string>
    <string name="kodora_turboairfilterallunlocked">0</string>
    <string name="DM2_UNLOCK_STUFFCar15_Default">0b54d0a12cd1c1f85e8e2945e244dd1f</string>
    <string name="DM2_UNLOCK_STUFFcar_kodora_turbo_window_0">0b54d0a12cd1c1f85e8e2945e244dd1f</string>
    <string name="CAR_CUSTOMIZATION_KEYcar_kodora_turboSpoilerKit">0</string>
    <string name="radia_helixairfilterallunlocked">0</string>
    <string name="UNCLOK_Car15_Default">1981</string>
    <string name="car_kunna_zxracceleeration">0.5</string>
    <string name="CAR_CUSTOMIZATION_KEYcar_intenza_gsBodyKit">0</string>
    <string name="DM2_UNLOCK_STUFFwheel_21_wheelcolor_0">0b54d0a12cd1c1f85e8e2945e244dd1f</string>
    <string name="DM2_UNLOCK_STUFFWheel08">0b54d0a12cd1c1f85e8e2945e244dd1f</string>
    <string name="DM2_UNLOCK_STUFFWheel04">0b54d0a12cd1c1f85e8e2945e244dd1f</string>
    <string name="tomahawk600gtengineoilallunlocked">0</string>
    <string name="DM2_UNLOCK_STUFFWheel06">0b54d0a12cd1c1f85e8e2945e244dd1f</string>
    <string name="DM2_UNLOCK_STUFFWheel07">0b54d0a12cd1c1f85e8e2945e244dd1f</string>
    <string name="hydraexhaust">0</string>
    <string name="CAR_CUSTOMIZATION_KEYcar_tensio_gtxBodyColor">0</string>
    <string name="wadasuspensionallunlocked">0</string>
    <string name="hydraclutchallunlocked">0</string>
    <string name="rohrflywheelallunlocked">0</string>
    <string name="CAR_CUSTOMIZATION_KEYcar_kunna_zxrWheelColor21">0</string>
    <string name="CAR_CUSTOMIZATION_KEYcar_tomahawk_600gtWindowTint">0</string>
    <string name="DM2_UNLOCK_STUFFCar09_Spoiler_Default">0b54d0a12cd1c1f85e8e2945e244dd1f</string>
    <string name="wadaclutchallunlocked">0</string>
    <string name="tensiogtxengineoil">0</string>
    <string name="DM2_UNLOCK_STUFFWheel02">0b54d0a12cd1c1f85e8e2945e244dd1f</string>
    <string name="DM2_UNLOCK_STUFFCar03_Spoiler_Default">0b54d0a12cd1c1f85e8e2945e244dd1f</string>
    <string name="DM2_UNLOCK_STUFFCar06_Spoiler_Default">0b54d0a12cd1c1f85e8e2945e244dd1f</string>
    <string name="PrevScene">upgrade_vehicle</string>
    <string name="DM2_UNLOCK_STUFFWheel15">0b54d0a12cd1c1f85e8e2945e244dd1f</string>
    <string name="DM2_UNLOCK_STUFFWheel16">0b54d0a12cd1c1f85e8e2945e244dd1f</string>
    <string name="CAR_CUSTOMIZATION_KEYcar_combusta_lsWheel">9</string>
    <string name="DM2_UNLOCK_STUFFTrack13">0b54d0a12cd1c1f85e8e2945e244dd1f</string>
    <string name="DM2_UNLOCK_STUFFWheel18">0b54d0a12cd1c1f85e8e2945e244dd1f</string>
    <string name="DM2_UNLOCK_STUFFCar21_Spoiler_Default">0b54d0a12cd1c1f85e8e2945e244dd1f</string>
    <string name="CAR_CUSTOMIZATION_KEYcar_stinger_gtsWheelColor32">0</string>
    <string name="GAME_SETTINGSshow_tutorial">1</string>
    <string name="tomahawk600gthandbrake">0</string>
    <string name="oceana_lxhandbrakeallunlocked">0</string>
    <string name="mizuchisuspension">0</string>
    <string name="CAR_CUSTOMIZATION_KEYcar_hydra_gsrBodyColor">0</string>
    <string name="DM2_UNLOCK_STUFFWheel11">0b54d0a12cd1c1f85e8e2945e244dd1f</string>
    <string name="DM2_UNLOCK_STUFFWheel13">0b54d0a12cd1c1f85e8e2945e244dd1f</string>
    <string name="avaneo_turboclutch">0</string>
    <string name="DM2_UNLOCK_STUFFWheel10">0b54d0a12cd1c1f85e8e2945e244dd1f</string>
    <string name="DM2_UNLOCK_STUFFwheel_0_wheelcolor_0">0b54d0a12cd1c1f85e8e2945e244dd1f</string>
    <string name="oceana_lxtransmission">0</string>
    <string name="intenziatransmissionallunlocked">0</string>
    <string name="tensiogtxtransmissionallunlocked">0</string>
    <string name="UNCLOK_car_elixa_m12_carcolor_0">1981</string>
    <string name="CAR_CUSTOMIZATION_KEYcar_avaneo_turboSpoilerKit">0</string>
    <string name="vampireflywheelallunlocked">0</string>
    <string name="DM2_UNLOCK_STUFFwheel_20_wheelcolor_0">0b54d0a12cd1c1f85e8e2945e244dd1f</string>
    <string name="tomahawk69weightreductionallunlocked">0</string>
    <string name="intenzialubricants">0</string>
    <string name="CAR_CUSTOMIZATION_KEYcar_intenza_gsWindowTint">0</string>
    <string name="UNCLOK_wheel_11_wheelcolor_0">1981</string>
    <string name="DM2_UNLOCK_STUFFcar_kodora_turbo_carcolor_0">0b54d0a12cd1c1f85e8e2945e244dd1f</string>
    <string name="kommando_gtohandbrake">0</string>
    <string name="radia_helixengineoil">0</string>
    <string name="UNCLOK_Clutch_Stage1">1981</string>
    <string name="UNCLOK_Clutch_Stage2">0</string>
    <string name="UNCLOK_Clutch_Stage3">0</string>
    <string name="tomahawk600gtclutchallunlocked">0</string>
    <string name="UNCLOK_Clutch_Stage4">0</string>
    <string name="UNCLOK_wheel_31_wheelcolor_0">1981</string>
    <string name="stingerlubricantsallunlocked">0</string>
    <string name="avaneo_turboweightreductionallunlocked">0</string>
    <string name="CAR_CUSTOMIZATION_KEYcar_stinger_gtsBodyColor">0</string>
    <string name="rohrtires">0</string>
    <string name="vultureecuallunlocked">0</string>
    <string name="DM2_UNLOCK_STUFFECU_Stage1">0b54d0a12cd1c1f85e8e2945e244dd1f</string>
    <string name="UNCLOK_Car03_Default">1981</string>
    <string name="vampiresuspensionallunlocked">0</string>
    <string name="CAR_CUSTOMIZATION_KEYcar_tomahawk_69Wheel">33</string>
    <string name="UNCLOK_car_avaneo_turbo_carcolor_0">1981</string>
    <string name="namazu_gtsecu">0</string>
    <string name="UNCLOK_wheel_30_wheelcolor_0">1981</string>
    <string name="DM2_UNLOCK_STUFFClutch_Stage1">0b54d0a12cd1c1f85e8e2945e244dd1f</string>
    <string name="CAR_CUSTOMIZATION_KEYcar_macero_gtSpoilerKit">0</string>
    <string name="DM2_UNLOCK_STUFFcar_combusta_ls_carcolor_0">0b54d0a12cd1c1f85e8e2945e244dd1f</string>
    <string name="DM2_UNLOCK_STUFFCar03_Default">0b54d0a12cd1c1f85e8e2945e244dd1f</string>
    <string name="kommando_gtoclutchallunlocked">0</string>
    <string name="oceana_lxlubricantsallunlocked">0</string>
    <string name="namazu_gtsclutch">0</string>
    <string name="CAR_CUSTOMIZATION_KEYcar_tensio_gtxBodyKit">0</string>
    <string name="CAR_CUSTOMIZATION_KEYcar_kommando_gtoSpoilerKit">0</string>
    <string name="tomahawk600gttiresallunlocked">0</string>
    <string name="DM2_UNLOCK_STUFFwheel_1_wheelcolor_0">0b54d0a12cd1c1f85e8e2945e244dd1f</string>
    <string name="tomahawk69airfilterallunlocked">0</string>
    <string name="UNLOCK_ALL_CARS">0</string>
    <string name="combusta_lsexhaustallunlocked">0</string>
    <string name="vulturetransmission">0</string>
    <int name="INITIAL_DATEMONTH" value="12" />
    <string name="UNCLOK_wheel_20_wheelcolor_0">1981</string>
    <string name="KEY_GAME_PROGRESS">26</string>
    <string name="namazu_gtsairfilterallunlocked">0</string>
    <string name="elixam12exhaust">0</string>
    <string name="vultureairfilterallunlocked">0</string>
    <string name="CAR_CUSTOMIZATION_KEYcar_wada_r2BodyKit">0</string>
    <string name="namazu_gtshandbrake">0</string>
    <string name="UNCLOK_wheel_10_wheelcolor_0">1981</string>
    <string name="CAR_CUSTOMIZATION_KEYcar_kommando_gtoWheel">10</string>
    <string name="UNCLOK_car_tomahawk_600gt_window_0">1981</string>
    <string name="namazu_gtslubricants">0</string>
    <string name="rohrengineoil">0</string>
    <string name="UNCLOK_car_oceana_lx_carcolor_0">1981</string>
    <string name="GAME_SETTINGSshow_upgrade_tip">1</string>
    <string name="CAR_CUSTOMIZATION_KEYcar_oceana_lxBodyColor">0</string>
    <string name="DM2_UNLOCK_STUFFwheel_30_wheelcolor_0">0b54d0a12cd1c1f85e8e2945e244dd1f</string>
    <string name="kodora_turboecu">0</string>
    <string name="DM2_UNLOCK_STUFFwheel_40_wheelcolor_0">0b54d0a12cd1c1f85e8e2945e244dd1f</string>
    <string name="elixam12exhaustallunlocked">0</string>
    <string name="car_oceana_lxacceleeration">0.5</string>
    <string name="intenziaairfilter">0</string>
    <string name="stingerairfilterallunlocked">0</string>
    <string name="vultureweightreduction">0</string>
    <string name="PROFILE_KEY_ALL_UNLOCK_COUNTHandling">0</string>
    <string name="UNCLOK_Car11_Default">1981</string>
    <string name="UNCLOK_Car16_Spoiler_Default">1981</string>
    <string name="vulturetransmissionallunlocked">0</string>
    <string name="UNCLOK_Car10_Spoiler_Default">1981</string>
    <string name="CAR_CUSTOMIZATION_KEYcar_macero_gtWindowTint">0</string>
    <string name="combusta_lslubricants">0</string>
    <string name="DM2_UNLOCK_STUFFCar11_Default">0b54d0a12cd1c1f85e8e2945e244dd1f</string>
    <string name="CAR_CUSTOMIZATION_KEYcar_kommando_gtoWheelColor10">0</string>
    <string name="DM2_UNLOCK_STUFFwheel_6_wheelcolor_0">0b54d0a12cd1c1f85e8e2945e244dd1f</string>
    <string name="CurrentScene">select_vehicle</string>
    <string name="vampirehandbrakeallunlocked">0</string>
    <string name="kommando_gtotires">0</string>
    <string name="CAR_CUSTOMIZATION_KEYcar_wada_r2Wheel">14</string>
    <string name="kommando_gtoexhaustallunlocked">0</string>
    <string name="UNCLOK_wheel_37_wheelcolor_0">1981</string>
    <string name="DM2_UNLOCK_STUFFwheel_14_wheelcolor_0">0b54d0a12cd1c1f85e8e2945e244dd1f</string>
    <string name="GAME_SETTINGSplayer_name_popup">1</string>
    <string name="CAR_CUSTOMIZATION_KEYcar_namazu_gtsWheel">1</string>
    <string name="DM2_UNLOCK_STUFFwheel_27_wheelcolor_0">0b54d0a12cd1c1f85e8e2945e244dd1f</string>
    <string name="car_tomahawk_69acceleeration">0.5</string>
    <string name="wadalubricantsallunlocked">0</string>
    <string name="DM2_UNLOCK_STUFFcar_stinger_gts_carcolor_0">0b54d0a12cd1c1f85e8e2945e244dd1f</string>
    <string name="car_radia_helixacceleeration">0.5</string>
    <string name="UNCLOK_Car01_Spoiler_Default">1981</string>
    <string name="UNCLOK_car_rohr_turbo_carcolor_0">1981</string>
    <string name="kommando_gtoflywheel">0</string>
    <string name="car_rohr_turboweigth_distribution">0.5</string>
    <string name="wadaengineoilallunlocked">0</string>
    <string name="tomahawk69flywheel">0</string>
    <string name="UNCLOK_Car07_Spoiler_Default">1981</string>
    <string name="tensiogtxexhaustallunlocked">0</string>
    <string name="CAR_CUSTOMIZATION_KEYcar_macero_gtWheel">3</string>
    <string name="UNCLOK_wheel_3_wheelcolor_0">1981</string>
    <string name="GAME_SETTINGSCarSelect_Upgrade_Tip">1</string>
    <string name="UNCLOK_wheel_1_wheelcolor_0">1981</string>
    <string name="UNCLOK_car_rohr_turbo_window_0">1981</string>
    <string name="intenziaweightreductionallunlocked">0</string>
    <string name="CAR_CUSTOMIZATION_KEYcar_mizuchi_srzBodyKit">0</string>
    <string name="kunna_zxrlubricants">0</string>
    <string name="wadaairfilter">0</string>
    <string name="wadaflywheel">0</string>
    <string name="UNCLOK_car_oceana_lx_window_0">1981</string>
    <string name="UNCLOK_wheel_13_wheelcolor_0">1981</string>
    <string name="car_intenza_gsacceleeration">0.5</string>
    <string name="oceana_lxsuspensionallunlocked">0</string>
    <string name="UNCLOK_wheel_15_wheelcolor_0">1981</string>
    <string name="hydraclutch">0</string>
    <string name="hydraweightreduction">0</string>
    <string name="oceana_lxengineoilallunlocked">0</string>
    <string name="UNCLOK_Transmission_Stage1">1981</string>
    <string name="kodora_turboecuallunlocked">0</string>
    <string name="UNCLOK_Transmission_Stage2">0</string>
    <string name="UNCLOK_Transmission_Stage3">0</string>
    <string name="DM2_UNLOCK_STUFFCar07_Default">0b54d0a12cd1c1f85e8e2945e244dd1f</string>
    <int name="Screenmanager%20Resolution%20Width" value="2009" />
    <string name="radia_helixclutch">0</string>
    <string name="tensiogtxengineoilallunlocked">0</string>
    <string name="radia_helixtransmissionallunlocked">0</string>
    <string name="DM2_UNLOCK_STUFFEngineOil_Stage1">0b54d0a12cd1c1f85e8e2945e244dd1f</string>
    <string name="UNCLOK_Transmission_Stage4">0</string>
    <string name="DM2_UNLOCK_STUFFwheel_36_wheelcolor_0">0b54d0a12cd1c1f85e8e2945e244dd1f</string>
    <string name="tensiogtxairfilter">0</string>
    <string name="UNCLOK_car_intenza_gs_window_0">1981</string>
    <string name="wadahandbrake">0</string>
    <string name="wadatransmission">0</string>
    <string name="DM2_UNLOCK_STUFFcar_tensio_gtx_window_0">0b54d0a12cd1c1f85e8e2945e244dd1f</string>
    <string name="oceana_lxweightreduction">0</string>
    <string name="UNCLOK_Car07_Default">1981</string>
    <string name="DM2_UNLOCK_STUFFwheel_16_wheelcolor_0">0b54d0a12cd1c1f85e8e2945e244dd1f</string>
    <string name="rohrengineoilallunlocked">0</string>
    <string name="tomahawk600gtecu">0</string>
    <string name="GAME_SETTINGSmusic_value">0.5</string>
    <string name="vultureflywheelallunlocked">0</string>
    <string name="tomahawk600gtflywheelallunlocked">0</string>
    <string name="oceana_lxecuallunlocked">0</string>
    <string name="DM2_UNLOCK_STUFFwheel_12_wheelcolor_0">0b54d0a12cd1c1f85e8e2945e244dd1f</string>
    <string name="namazu_gtsweightreduction">0</string>
    <string name="KEY_APP_RUN_COUNT">4</string>
    <string name="DM2_UNLOCK_STUFFwheel_39_wheelcolor_0">0b54d0a12cd1c1f85e8e2945e244dd1f</string>
    <string name="namazu_gtstransmissionallunlocked">0</string>
    <string name="stingersuspension">0</string>
    <string name="UNCLOK_car_vampire_svx_window_0">1981</string>
    <string name="mizuchilubricantsallunlocked">0</string>
    <string name="UNCLOK_Exhaust_Stage2">0</string>
    <string name="UNCLOK_Exhaust_Stage3">0</string>
    <string name="UNCLOK_Exhaust_Stage1">1981</string>
    <string name="DM2_UNLOCK_STUFFwheel_25_wheelcolor_0">0b54d0a12cd1c1f85e8e2945e244dd1f</string>
    <string name="stingerflywheel">0</string>
    <string name="rohrhandbrake">0</string>
    <string name="UNCLOK_Exhaust_Stage4">0</string>
    <string name="kunna_zxrclutch">0</string>
    <string name="tomahawk600gtsuspension">0</string>
    <string name="intenziaengineoilallunlocked">0</string>
    <string name="UNCLOK_wheel_22_wheelcolor_0">1981</string>
    <string name="radia_helixhandbrake">0</string>
    <string name="DM2_UNLOCK_STUFFCar13_Spoiler_Default">0b54d0a12cd1c1f85e8e2945e244dd1f</string>
    <string name="combusta_lsairfilter">0</string>
    <string name="combusta_lshandbrakeallunlocked">0</string>
    <string name="DM2_UNLOCK_STUFFcar_mizuchi_srz_carcolor_0">0b54d0a12cd1c1f85e8e2945e244dd1f</string>
    <string name="CAR_CUSTOMIZATION_KEYcar_mizuchi_srzBodyColor">0</string>
    <string name="CAR_CUSTOMIZATION_KEYcar_tomahawk_69BodyColor">0</string>
    <string name="rohrsuspensionallunlocked">0</string>
    <string name="wadaweightreduction">0</string>
    <string name="UNCLOK_wheel_26_wheelcolor_0">1981</string>
    <string name="vulturetiresallunlocked">0</string>
    <string name="CAR_CUSTOMIZATION_KEYcar_rohr_turboWheel">15</string>
    <string name="vulturehandbrakeallunlocked">0</string>
    <string name="vampireengineoilallunlocked">0</string>
    <string name="KEY_PROFILE_NAME">YAKOSHI</string>
    <string name="DM2_UNLOCK_STUFFCar19_Spoiler_Default">0b54d0a12cd1c1f85e8e2945e244dd1f</string>
    <string name="kommando_gtoecu">0</string>
    <string name="oceana_lxlubricants">0</string>
    <string name="DM2_UNLOCK_STUFFCar04_Spoiler_Default">0b54d0a12cd1c1f85e8e2945e244dd1f</string>
    <string name="elixam12lubricantsallunlocked">0</string>
    <string name="GAME_SETTINGSbov_fx">1</string>
    <string name="kodora_turbosuspensionallunlocked">0</string>
    <string name="namazu_gtsecuallunlocked">0</string>
    <string name="CAR_CUSTOMIZATION_KEYcar_namazu_gtsBodyKit">0</string>
    <string name="tomahawk69exhaustallunlocked">0</string>
    <string name="DM2_UNLOCK_STUFFcar_tomahawk_600gt_window_0">0b54d0a12cd1c1f85e8e2945e244dd1f</string>
    <string name="elixam12engineoilallunlocked">0</string>
    <string name="DM2_UNLOCK_STUFFcar_oceana_lx_window_0">0b54d0a12cd1c1f85e8e2945e244dd1f</string>
    <string name="radia_helixecu">0</string>
    <string name="combusta_lsweightreduction">0</string>
    <string name="tomahawk600gtclutch">0</string>
    <string name="kunna_zxrengineoilallunlocked">0</string>
    <string name="UNCLOK_wheel_6_wheelcolor_0">1981</string>
    <string name="tensiogtxlubricants">0</string>
    <string name="CAR_CUSTOMIZATION_KEYcar_elixa_m12WheelColor30">0</string>
    <string name="vampireexhaustallunlocked">0</string>
    <string name="UNCLOK_Wheel33">1981</string>
    <string name="UNCLOK_Wheel34">1981</string>
    <string name="kunna_zxrecu">0</string>
    <string name="UNCLOK_Wheel31">1981</string>
    <string name="UNCLOK_Wheel32">1981</string>
    <string name="hydrahandbrake">0</string>
    <string name="tensiogtxhandbrake">0</string>
    <string name="CAR_CUSTOMIZATION_KEYcar_radia_helixBodyKit">0</string>
    <string name="CAR_CUSTOMIZATION_KEYcar_kodora_turboWheelColor31">0</string>
    <string name="wadaflywheelallunlocked">0</string>
    <string name="kunna_zxrecuallunlocked">0</string>
    <string name="DM2_UNLOCK_STUFFcar_elixa_m12_carcolor_0">0b54d0a12cd1c1f85e8e2945e244dd1f</string>
    <string name="oceana_lxengineoil">0</string>
    <string name="DM2_UNLOCK_STUFFwheel_34_wheelcolor_0">0b54d0a12cd1c1f85e8e2945e244dd1f</string>
    <string name="UNCLOK_wheel_33_wheelcolor_0">1981</string>
    <string name="tomahawk69suspension">0</string>
    <string name="kunna_zxrsuspensionallunlocked">0</string>
    <string name="CAR_CUSTOMIZATION_KEYcar_avaneo_turboWindowTint">0</string>
    <string name="UNCLOK_car_vampire_svx_carcolor_0">1981</string>
    <string name="CAR_CUSTOMIZATION_KEYcar_radia_helixWheelColor24">0</string>
    <string name="UNCLOK_car_tensio_gtx_window_0">1981</string>
    <string name="CAR_CUSTOMIZATION_KEYcar_radia_helixWheel">24</string>
    <string name="UNCLOK_Wheel18">1981</string>
    <string name="DM2_UNLOCK_STUFFcar_vampire_svx_window_0">0b54d0a12cd1c1f85e8e2945e244dd1f</string>
    <string name="UNCLOK_Wheel25">1981</string>
    <string name="UNCLOK_Wheel22">1981</string>
    <string name="UNCLOK_Wheel21">1981</string>
    <string name="GAME_SETTINGSsound_fx_value">0.5</string>
    <string name="tomahawk69weightreduction">0</string>
    <string name="kommando_gtoflywheelallunlocked">0</string>
    <string name="CAR_CUSTOMIZATION_KEYcar_namazu_gtsSpoilerKit">0</string>
    <string name="kommando_gtolubricantsallunlocked">0</string>
    <string name="wadahandbrakeallunlocked">0</string>
    <string name="car_tomahawk_600gtacceleeration">0.5</string>
    <string name="DM2_UNLOCK_STUFFwheel_23_wheelcolor_0">0b54d0a12cd1c1f85e8e2945e244dd1f</string>
    <string name="DM2_UNLOCK_STUFFcar_rohr_turbo_carcolor_0">0b54d0a12cd1c1f85e8e2945e244dd1f</string>
    <string name="hydratransmission">0</string>
    <string name="CAR_CUSTOMIZATION_KEYcar_wada_r2BodyColor">0</string>
    <string name="CAR_CUSTOMIZATION_KEYcar_vampire_svxWheel">17</string>
    <string name="intenziaexhaust">0</string>
    <string name="kommando_gtoairfilter">0</string>
    <string name="CAR_CUSTOMIZATION_KEYcar_oceana_lxWheelColor12">0</string>
    <string name="mizuchiclutchallunlocked">0</string>
    <string name="stingerhandbrake">0</string>
    <string name="car_vampire_svxacceleeration">0.5</string>
    <string name="UNCLOK_Car18_Default">1981</string>
    <string name="unity.cloud_userid">326f0b79d600f42fb86313b74d0fc107</string>
    <string name="DM2_UNLOCK_STUFFAirFilter_Stage1">0b54d0a12cd1c1f85e8e2945e244dd1f</string>
    <string name="tomahawk69ecu">0</string>
    <string name="hydralubricants">0</string>
    <string name="CAR_CUSTOMIZATION_KEYcar_stinger_gtsBodyKit">0</string>
    <string name="mizuchiclutch">0</string>
    <string name="GAME_SETTINGSapptype">1</string>
    <string name="CAR_CUSTOMIZATION_KEYcar_macero_gtWheelColor3">0</string>
    <string name="macero_gtairfilter">0</string>
    <string name="DM2_UNLOCK_STUFFCar18_Default">0b54d0a12cd1c1f85e8e2945e244dd1f</string>
    <string name="DM2_UNLOCK_STUFFwheel_4_wheelcolor_0">0b54d0a12cd1c1f85e8e2945e244dd1f</string>
    <string name="avaneo_turboclutchallunlocked">0</string>
    <string name="macero_gtweightreductionallunlocked">0</string>
    <string name="UNCLOK_wheel_8_wheelcolor_0">1981</string>
    <string name="wadatires">0</string>
    <string name="DM2_UNLOCK_STUFFcar_macero_gt_window_0">0b54d0a12cd1c1f85e8e2945e244dd1f</string>
    <string name="stingertransmissionallunlocked">0</string>
    <string name="avaneo_turbosuspension">0</string>
    <string name="PLAYER_HAS_CAR">1</string>
    <string name="avaneo_turboexhaustallunlocked">0</string>
    <string name="elixam12weightreductionallunlocked">0</string>
    <string name="DM2_UNLOCK_STUFFcar_tensio_gtx_carcolor_0">0b54d0a12cd1c1f85e8e2945e244dd1f</string>
    <string name="tomahawk600gtsuspensionallunlocked">0</string>
    <string name="elixam12handbrakeallunlocked">0</string>
    <string name="UNCLOK_Car20_Spoiler_Default">1981</string>
    <string name="GAME_SETTINGSshow_unlock_track_tip">1</string>
    <string name="DM2_UNLOCK_STUFFcar_elixa_m12_window_0">0b54d0a12cd1c1f85e8e2945e244dd1f</string>
    <string name="DM2_UNLOCK_STUFFCar14_Spoiler_Default">0b54d0a12cd1c1f85e8e2945e244dd1f</string>
    <string name="mizuchiecuallunlocked">0</string>
    <string name="elixam12suspension">0</string>
    <string name="UNCLOK_car_namazu_gts_carcolor_0">1981</string>
    <string name="DM2_UNLOCK_STUFFCar05_Spoiler_Default">0b54d0a12cd1c1f85e8e2945e244dd1f</string>
    <string name="tomahawk600gthandbrakeallunlocked">0</string>
    <string name="GAME_SETTINGSengine_fx_value">0.5</string>
    <string name="avaneo_turbohandbrake">0</string>
    <string name="CAR_CUSTOMIZATION_KEYcar_kommando_gtoBodyKit">0</string>
    <string name="UNCLOK_wheel_35_wheelcolor_0">1981</string>
    <string name="DM2_UNLOCK_STUFFcar_oceana_lx_carcolor_0">0b54d0a12cd1c1f85e8e2945e244dd1f</string>
    <string name="tomahawk69tiresallunlocked">0</string>
    <string name="UNCLOK_wheel_24_wheelcolor_0">1981</string>
    <string name="avaneo_turboecuallunlocked">0</string>
    <string name="UNCLOK_Wheel08">1981</string>
    <string name="car_tensio_gtxacceleeration">0.5</string>
    <string name="UNCLOK_Wheel06">1981</string>
    <string name="UNCLOK_Wheel07">1981</string>
    <string name="UNCLOK_Wheel15">1981</string>
    <string name="UNCLOK_Wheel16">1981</string>
    <string name="UNCLOK_Wheel13">1981</string>
    <string name="vampirehandbrake">0</string>
    <string name="UNCLOK_Wheel11">1981</string>
    <string name="UNCLOK_Car08_Spoiler_Default">1981</string>
    <string name="UNCLOK_Wheel10">1981</string>
    <string name="rohrexhaustallunlocked">0</string>
    <string name="UNCLOK_Car11_Spoiler_Default">1981</string>
    <string name="combusta_lsengineoil">0</string>
    <string name="combusta_lsengineoilallunlocked">0</string>
    <string name="UNCLOK_Car17_Spoiler_Default">1981</string>
    <string name="UNCLOK_Car02_Spoiler_Default">1981</string>
    <string name="car_kommando_gtoacceleeration">0.5</string>
    <string name="CAR_CUSTOMIZATION_KEYcar_rohr_turboWheelColor15">0</string>
    <string name="tensiogtxflywheelallunlocked">0</string>
    <string name="UNCLOK_Wheel04">1981</string>
    <string name="wadalubricants">0</string>
    <string name="UNCLOK_Wheel02">1981</string>
    <string name="avaneo_turbotransmission">0</string>
    <string name="namazu_gtslubricantsallunlocked">0</string>
    <string name="mizuchitiresallunlocked">0</string>
    <string name="kommando_gtolubricants">0</string>
    <string name="macero_gtsuspension">0</string>
    <string name="elixam12airfilter">0</string>
    <string name="CAR_CUSTOMIZATION_KEYcar_kodora_turboWindowTint">0</string>
    <string name="wadaexhaustallunlocked">0</string>
    <string name="combusta_lsexhaust">0</string>
    <string name="intenziahandbrake">0</string>
    <string name="kommando_gtoairfilterallunlocked">0</string>
    <string name="tensiogtxtransmission">0</string>
    <string name="hydraecu">0</string>
    <string name="macero_gtflywheel">0</string>
    <string name="intenziatransmission">0</string>
    <string name="intenziasuspension">0</string>
    <string name="radia_helixweightreductionallunlocked">0</string>
    <string name="combusta_lsclutch">0</string>
    <string name="namazu_gtstiresallunlocked">0</string>
    <string name="tomahawk69handbrakeallunlocked">0</string>
    <string name="avaneo_turboflywheelallunlocked">0</string>
    <string name="vampireclutchallunlocked">0</string>
    <string name="GAME_SETTINGSlanguage">25</string>
    <string name="UNCLOK_Car05_Default">1981</string>
    <string name="combusta_lslubricantsallunlocked">0</string>
    <string name="CAR_CUSTOMIZATION_KEYcar_oceana_lxSpoilerKit">0</string>
    <string name="avaneo_turbolubricants">0</string>
    <string name="UNCLOK_Car19_Default">1981</string>
    <string name="CAR_CUSTOMIZATION_KEYcar_stinger_gtsWindowTint">0</string>
    <string name="UNCLOK_car_vulture_window_0">1981</string>
    <string name="DM2_UNLOCK_STUFFcar_tomahawk_69_window_0">0b54d0a12cd1c1f85e8e2945e244dd1f</string>
    <string name="DM2_UNLOCK_STUFFcar_avaneo_turbo_window_0">0b54d0a12cd1c1f85e8e2945e244dd1f</string>
    <string name="CAR_CUSTOMIZATION_KEYcar_kodora_turboWheel">31</string>
    <string name="macero_gtclutch">0</string>
    <string name="DM2_UNLOCK_STUFFCar05_Default">0b54d0a12cd1c1f85e8e2945e244dd1f</string>
    <string name="vampiretiresallunlocked">0</string>
    <string name="car_kodora_turboacceleeration">0.5</string>
    <string name="DM2_UNLOCK_STUFFCar19_Default">0b54d0a12cd1c1f85e8e2945e244dd1f</string>
    <string name="car_wada_r2acceleeration">0.5</string>
    <string name="vultureclutch">0</string>
    <string name="DM2_UNLOCK_STUFFCar20_Spoiler_Default">0b54d0a12cd1c1f85e8e2945e244dd1f</string>
    <string name="UNCLOK_wheel_9_wheelcolor_0">1981</string>
    <string name="DM2_UNLOCK_STUFFcar_vulture_carcolor_0">0b54d0a12cd1c1f85e8e2945e244dd1f</string>
    <string name="CAR_CUSTOMIZATION_KEYcar_kunna_zxrSpoilerKit">0</string>
    <int name="Screenmanager%20Resolution%20Height" value="1080" />
    <string name="radia_helixhandbrakeallunlocked">0</string>
    <string name="kunna_zxrweightreductionallunlocked">0</string>
    <string name="SCORE_japan3highscore">0</string>
    <string name="kunna_zxrflywheelallunlocked">0</string>
    <string name="UNCLOK_car_elixa_m12_window_0">1981</string>
    <string name="kommando_gtoengineoil">0</string>
    <string name="avaneo_turbotiresallunlocked">0</string>
    <string name="CAR_CUSTOMIZATION_KEYcar_vampire_svxSpoilerKit">0</string>
    <string name="kodora_turbotransmission">0</string>
    <string name="intenziaexhaustallunlocked">0</string>
    <string name="DM2_UNLOCK_STUFFCar02_Default">0b54d0a12cd1c1f85e8e2945e244dd1f</string>
    <string name="intenziasuspensionallunlocked">0</string>
    <string name="kodora_turboweightreductionallunlocked">0</string>
    <string name="CAR_CUSTOMIZATION_KEYcar_tensio_gtxWindowTint">0</string>
    <string name="DM2_UNLOCK_STUFFcar_intenza_gs_window_0">0b54d0a12cd1c1f85e8e2945e244dd1f</string>
    <string name="rohrtransmission">0</string>
    <string name="namazu_gtsairfilter">0</string>
    <string name="UNCLOK_car_radia_helix_window_0">1981</string>
    <string name="UNCLOK_car_macero_gt_window_0">1981</string>
    <string name="UNCLOK_car_vulture_carcolor_0">1981</string>
    <string name="tensiogtxflywheel">0</string>
    <string name="UNCLOK_AirFilter_Stage4">0</string>
    <string name="UNCLOK_Car02_Default">1981</string>
    <string name="UNCLOK_AirFilter_Stage1">1981</string>
    <string name="rohrsuspension">0</string>
    <string name="UNCLOK_AirFilter_Stage2">0</string>
    <string name="UNCLOK_AirFilter_Stage3">0</string>
    <string name="elixam12weightreduction">0</string>
    <string name="hydraexhaustallunlocked">0</string>
    <int name="INITIAL_DATEYEAR" value="2021" />
    <string name="UNCLOK_Car13_Default">1981</string>
    <string name="namazu_gtsengineoil">0</string>
    <string name="DM2_UNLOCK_STUFFCar13_Default">0b54d0a12cd1c1f85e8e2945e244dd1f</string>
    <string name="iAD_ID_MAJOR_MINOR">4a77b40c48271ee7fdfcdcb557c41f70</string>
    <string name="rohrtransmissionallunlocked">0</string>
    <string name="intenziaweightreduction">0</string>
    <string name="radia_helixsuspension">0</string>
    <string name="kodora_turboclutchallunlocked">0</string>
    <string name="tomahawk600gtengineoil">0</string>
    <string name="DM2_UNLOCK_STUFFcar_combusta_ls_window_0">0b54d0a12cd1c1f85e8e2945e244dd1f</string>
    <string name="radia_helixflywheel">0</string>
    <string name="UNCLOK_car_kunna_zxr_carcolor_0">1981</string>
    <string name="stingertransmission">0</string>
    <string name="vulturelubricants">0</string>
    <string name="tomahawk600gtecuallunlocked">0</string>
    <string name="elixam12clutch">0</string>
    <string name="GAME_SETTINGSdifficulty">1</string>
    <string name="mizuchitires">0</string>
    <string name="oceana_lxflywheelallunlocked">0</string>
    <string name="DM2_UNLOCK_STUFFcar_mizuchi_srz_window_0">0b54d0a12cd1c1f85e8e2945e244dd1f</string>
    <string name="hydratires">0</string>
    <string name="vultureairfilter">0</string>
    <string name="kodora_turboclutch">0</string>
    <string name="kodora_turbotires">0</string>
    <string name="kunna_zxrairfilter">0</string>
    <string name="oceana_lxflywheel">0</string>
    <string name="hydratiresallunlocked">0</string>
    <string name="vampiresuspension">0</string>
    <string name="car_stinger_gtsacceleeration">0.5</string>
    <string name="DM2_UNLOCK_STUFFcar_tomahawk_600gt_carcolor_0">0b54d0a12cd1c1f85e8e2945e244dd1f</string>
    <string name="vampireclutch">0</string>
    <string name="vampiretransmissionallunlocked">0</string>
    <string name="DM2_UNLOCK_STUFFTransmission_Stage1">0b54d0a12cd1c1f85e8e2945e244dd1f</string>
    <string name="UNCLOK_Tires_Stage2">0</string>
    <string name="UNCLOK_Tires_Stage1">1981</string>
    <string name="UNCLOK_Tires_Stage4">0</string>
    <string name="UNCLOK_Tires_Stage3">0</string>
    <string name="CAR_CUSTOMIZATION_KEYcar_tomahawk_69BodyKit">0</string>
    <string name="radia_helixsuspensionallunlocked">0</string>
    <string name="tomahawk69airfilter">0</string>
    <string name="macero_gtengineoilallunlocked">0</string>
    <string name="kommando_gtotransmission">0</string>
    <string name="stingerecuallunlocked">0</string>
    <string name="stingerhandbrakeallunlocked">0</string>
    <string name="HK_PTS_STUFF">ea4ddc97423aa4f12a9e8dbea738c227</string>
    <string name="DM2_UNLOCK_STUFFwheel_19_wheelcolor_0">0b54d0a12cd1c1f85e8e2945e244dd1f</string>
    <string name="DM2_UNLOCK_STUFFCar16_Default">0b54d0a12cd1c1f85e8e2945e244dd1f</string>
    <string name="hydraflywheelallunlocked">0</string>
    <string name="wadaclutch">0</string>
    <string name="hydralubricantsallunlocked">0</string>
    <string name="kodora_turbohandbrakeallunlocked">0</string>
    <string name="CAR_CUSTOMIZATION_KEYcar_avaneo_turboWheel">7</string>
    <string name="elixam12flywheelallunlocked">0</string>
    <string name="tomahawk600gtlubricantsallunlocked">0</string>
    <string name="mizuchitransmission">0</string>
    <string name="elixam12engineoil">0</string>
    <string name="mizuchihandbrake">0</string>
    <string name="intenziatires">0</string>
    <string name="UNCLOK_Car16_Default">1981</string>
    <string name="CAR_CUSTOMIZATION_KEYcar_combusta_lsWindowTint">0</string>
    <string name="elixam12airfilterallunlocked">0</string>
    <string name="wadatransmissionallunlocked">0</string>
    <string name="avaneo_turboairfilter">0</string>
    <string name="macero_gttiresallunlocked">0</string>
    <string name="kunna_zxrclutchallunlocked">0</string>
    <string name="unity.player_sessionid">948257158450438876</string>
    <string name="UNCLOK_wheel_29_wheelcolor_0">1981</string>
    <string name="CAR_CUSTOMIZATION_KEYcar_elixa_m12BodyColor">0</string>
    <string name="tomahawk600gtairfilterallunlocked">0</string>
    <string name="mizuchilubricants">0</string>
    <string name="tensiogtxtires">0</string>
    <string name="tomahawk600gtexhaustallunlocked">0</string>
    <string name="CAR_CUSTOMIZATION_KEYcar_kunna_zxrBodyKit">0</string>
    <string name="CAR_CUSTOMIZATION_KEYcar_macero_gtBodyColor">0</string>
    <string name="kunna_zxrexhaust">0</string>
    <string name="radia_helixlubricantsallunlocked">0</string>
    <string name="avaneo_turbolubricantsallunlocked">0</string>
    <string name="avaneo_turbotransmissionallunlocked">0</string>
    <string name="CAR_CUSTOMIZATION_KEYcar_tomahawk_600gtBodyColor">0</string>
    <string name="car_elixa_m12acceleeration">0.5</string>
    <string name="CAR_CUSTOMIZATION_KEYcar_tomahawk_600gtWheelColor10">0</string>
    <string name="stingerengineoilallunlocked">0</string>
    <string name="combusta_lstransmissionallunlocked">0</string>
    <string name="UNCLOK_car_stinger_gts_carcolor_0">1981</string>
    <string name="CAR_CUSTOMIZATION_KEYcar_tomahawk_600gtWheel">10</string>
    <string name="rohrhandbrakeallunlocked">0</string>
    <string name="stingerweightreductionallunlocked">0</string>
    <string name="oceana_lxclutch">0</string>
    <string name="intenziaecuallunlocked">0</string>
    <string name="oceana_lxhandbrake">0</string>
    <string name="UNCLOK_wheel_5_wheelcolor_0">1981</string>
    <string name="wadaengineoil">0</string>
    <string name="DM2_UNLOCK_STUFFCar10_Default">0b54d0a12cd1c1f85e8e2945e244dd1f</string>
    <string name="tomahawk69ecuallunlocked">0</string>
    <string name="combusta_lstransmission">0</string>
    <string name="CAR_CUSTOMIZATION_KEYcar_tomahawk_600gtBodyKit">0</string>
    <string name="stingerclutch">0</string>
    <string name="ACHIEVMENT_DM2_japan31">0</string>
    <string name="ACHIEVMENT_DM2_japan30">0</string>
    <string name="ACHIEVMENT_DM2_japan33">0</string>
    <string name="ACHIEVMENT_DM2_japan32">0</string>
    <string name="ACHIEVMENT_DM2_japan34">0</string>
    <string name="UNCLOK_car_macero_gt_carcolor_0">1981</string>
    <string name="avaneo_turbohandbrakeallunlocked">0</string>
    <string name="car_namazu_gtsacceleeration">0.5</string>
    <string name="UNCLOK_Flywheel_Stage1">1981</string>
    <string name="UNCLOK_Car10_Default">1981</string>
    <string name="stingerecu">0</string>
    <string name="UNCLOK_Flywheel_Stage3">0</string>
    <string name="UNCLOK_Flywheel_Stage2">0</string>
    <string name="hydraairfilterallunlocked">0</string>
    <string name="CAR_CUSTOMIZATION_KEYcar_kodora_turboBodyColor">0</string>
    <string name="avaneo_turboengineoilallunlocked">0</string>
    <string name="UNCLOK_Flywheel_Stage4">0</string>
    <string name="DM2_UNLOCK_STUFFcar_tomahawk_69_carcolor_0">0b54d0a12cd1c1f85e8e2945e244dd1f</string>
    <string name="DM2_UNLOCK_STUFFwheel_18_wheelcolor_0">0b54d0a12cd1c1f85e8e2945e244dd1f</string>
    <string name="RRUUID">4a77b40c48271ee7fdfcdcb557c41f70</string>
    <string name="stingersuspensionallunlocked">0</string>
    <string name="oceana_lxtransmissionallunlocked">0</string>
    <string name="namazu_gtssuspension">0</string>
    <string name="UNCLOK_wheel_19_wheelcolor_0">1981</string>
    <string name="tomahawk69exhaust">0</string>
    <string name="rohrflywheel">0</string>
    <string name="UNCLOK_car_hydra_gsr_carcolor_0">1981</string>
    <string name="radia_helixengineoilallunlocked">0</string>
    <string name="ACHIEVMENT_DM2_japan20">0</string>
    <string name="kommando_gtotransmissionallunlocked">0</string>
    <string name="ACHIEVMENT_DM2_japan22">0</string>
    <string name="ACHIEVMENT_DM2_japan21">0</string>
    <string name="ACHIEVMENT_DM2_japan24">0</string>
    <string name="CAR_CUSTOMIZATION_KEYcar_namazu_gtsBodyColor">0</string>
    <string name="ACHIEVMENT_DM2_japan23">0</string>
    <string name="kommando_gtoexhaust">0</string>
    <string name="stingerclutchallunlocked">0</string>
    <string name="UNCLOK_wheel_17_wheelcolor_0">1981</string>
    <string name="mizuchiweightreductionallunlocked">0</string>
    <string name="avaneo_turboecu">0</string>
    <string name="elixam12flywheel">0</string>
    <string name="DM2_UNLOCK_STUFFwheel_28_wheelcolor_0">0b54d0a12cd1c1f85e8e2945e244dd1f</string>
    <string name="combusta_lsweightreductionallunlocked">0</string>
    <string name="tomahawk69engineoilallunlocked">0</string>
    <string name="CAR_CUSTOMIZATION_KEYcar_tensio_gtxWheel">6</string>
    <string name="hydraflywheel">0</string>
    <string name="combusta_lssuspension">0</string>
    <string name="CAR_CUSTOMIZATION_KEYcar_mizuchi_srzWheelColor5">0</string>
    <string name="mizuchiflywheelallunlocked">0</string>
    <string name="UNCLOK_car_combusta_ls_carcolor_0">1981</string>
    <string name="DM2_UNLOCK_STUFFwheel_8_wheelcolor_0">0b54d0a12cd1c1f85e8e2945e244dd1f</string>
    <string name="UNCLOK_wheel_4_wheelcolor_0">1981</string>
    <string name="radia_helixtires">0</string>
    <string name="namazu_gtsflywheelallunlocked">0</string>
    <string name="UNCLOK_car_intenza_gs_carcolor_0">1981</string>
    <string name="UNCLOK_wheel_39_wheelcolor_0">1981</string>
    <string name="macero_gttires">0</string>
    <string name="UNCLOK_wheel_38_wheelcolor_0">1981</string>
    <string name="PLAYER_CAR_Index">6</string>
    <string name="elixam12tiresallunlocked">0</string>
    <string name="mizuchiecu">0</string>
    <string name="kunna_zxrtransmissionallunlocked">0</string>
    <string name="radia_helixtiresallunlocked">0</string>
    <string name="elixam12suspensionallunlocked">0</string>
    <string name="kunna_zxrengineoil">0</string>
    <string name="kunna_zxrhandbrakeallunlocked">0</string>
    <string name="UNLOCK_ALL_UPGRADES">0</string>
    <string name="UNCLOK_wheel_28_wheelcolor_0">1981</string>
    <string name="CAR_CUSTOMIZATION_KEYcar_wada_r2WheelColor14">0</string>
    <string name="DM2_UNLOCK_STUFFCar08_Default">0b54d0a12cd1c1f85e8e2945e244dd1f</string>
    <string name="macero_gthandbrake">0</string>
    <string name="stingerairfilter">0</string>
    <string name="oceana_lxecu">0</string>
    <string name="vampireecu">0</string>
    <string name="intenziahandbrakeallunlocked">0</string>
    <string name="avaneo_turbosuspensionallunlocked">0</string>
    <string name="namazu_gtsexhaust">0</string>
    <string name="kodora_turbohandbrake">0</string>
    <string name="DM2_UNLOCK_STUFFcar_rohr_turbo_window_0">0b54d0a12cd1c1f85e8e2945e244dd1f</string>
    <string name="namazu_gtsflywheel">0</string>
    <string name="tomahawk69engineoil">0</string>
    <string name="UNCLOK_Car08_Default">1981</string>
    <string name="DM2_UNLOCK_STUFFwheel_9_wheelcolor_0">0b54d0a12cd1c1f85e8e2945e244dd1f</string>
    <string name="vampireexhaust">0</string>
    <string name="DM2_UNLOCK_STUFFwheel_17_wheelcolor_0">0b54d0a12cd1c1f85e8e2945e244dd1f</string>
    <string name="UNCLOK_car_tomahawk_69_carcolor_0">1981</string>
    <string name="CAR_CUSTOMIZATION_KEYcar_namazu_gtsWindowTint">0</string>
    <string name="tensiogtxhandbrakeallunlocked">0</string>
    <string name="UNCLOK_car_stinger_gts_window_0">1981</string>
    <string name="CAR_CUSTOMIZATION_KEYcar_hydra_gsrBodyKit">0</string>
    <string name="UNCLOK_Car21_Default">0</string>
    <string name="mizuchiairfilterallunlocked">0</string>
    <string name="tensiogtxtiresallunlocked">0</string>
    <string name="CAR_CUSTOMIZATION_KEYcar_intenza_gsWheelColor12">0</string>
    <string name="vultureengineoilallunlocked">0</string>
    <string name="kodora_turboengineoilallunlocked">0</string>
    <string name="PROFILE_KEY_ALL_UNLOCK_COUNTPerformance">0</string>
    <string name="CAR_CUSTOMIZATION_KEYcar_elixa_m12WindowTint">0</string>
    <string name="UNCLOK_wheel_18_wheelcolor_0">1981</string>
    <string name="macero_gtclutchallunlocked">0</string>
    <string name="UNCLOK_wheel_25_wheelcolor_0">1981</string>
    <string name="UNCLOK_car_kunna_zxr_window_0">1981</string>
    <string name="rohrexhaust">0</string>
    <string name="DM2_UNLOCK_STUFFcar_vampire_svx_carcolor_0">0b54d0a12cd1c1f85e8e2945e244dd1f</string>
    <string name="kommando_gtoclutch">0</string>
    <string name="wadatiresallunlocked">0</string>
    <string name="oceana_lxairfilterallunlocked">0</string>
    <string name="UNCLOK_Car13_Spoiler_Default">1981</string>
    <string name="combusta_lsclutchallunlocked">0</string>
    <string name="DM2_UNLOCK_STUFFwheel_38_wheelcolor_0">0b54d0a12cd1c1f85e8e2945e244dd1f</string>
    <string name="vampiretransmission">0</string>
    <string name="kodora_turboflywheel">0</string>
    <string name="DM2_UNLOCK_STUFFFlywheel_Stage1">0b54d0a12cd1c1f85e8e2945e244dd1f</string>
    <string name="kommando_gtosuspensionallunlocked">0</string>
    <string name="UNCLOK_wheel_2_wheelcolor_0">1981</string>
    <string name="DM2_UNLOCK_STUFFwheel_15_wheelcolor_0">0b54d0a12cd1c1f85e8e2945e244dd1f</string>
    <string name="kommando_gtoecuallunlocked">0</string>
    <string name="car_mizuchi_srzacceleeration">0.5</string>
    <string name="elixam12tires">0</string>
    <string name="elixam12lubricants">0</string>
    <string name="hydrasuspensionallunlocked">0</string>
    <string name="vampiretires">0</string>
    <string name="mizuchiengineoilallunlocked">0</string>
    <string name="DM2_UNLOCK_STUFFwheel_26_wheelcolor_0">0b54d0a12cd1c1f85e8e2945e244dd1f</string>
    <string name="DM2_UNLOCK_STUFFcar_kommando_gto_carcolor_0">0b54d0a12cd1c1f85e8e2945e244dd1f</string>
    <string name="UNCLOK_wheel_36_wheelcolor_0">1981</string>
    <string name="tensiogtxlubricantsallunlocked">0</string>
    <string name="namazu_gtsengineoilallunlocked">0</string>
    <string name="DM2_UNLOCK_STUFFcar_kommando_gto_window_0">0b54d0a12cd1c1f85e8e2945e244dd1f</string>
    <string name="intenziaclutch">0</string>
    <string name="tensiogtxecuallunlocked">0</string>
    <string name="CAR_CUSTOMIZATION_KEYcar_radia_helixBodyColor">0</string>
    <string name="hydraweightreductionallunlocked">0</string>
    <string name="UNCLOK_Car14_Default">1981</string>
    <string name="CAR_CUSTOMIZATION_KEYcar_tomahawk_69SpoilerKit">0</string>
    <string name="tomahawk600gtlubricants">0</string>
    <string name="UNCLOK_Car04_Spoiler_Default">1981</string>
    <string name="DM2_UNLOCK_STUFFwheel_37_wheelcolor_0">0b54d0a12cd1c1f85e8e2945e244dd1f</string>
    <string name="DM2_UNLOCK_STUFFCar14_Default">0b54d0a12cd1c1f85e8e2945e244dd1f</string>
    <string name="kunna_zxrtires">0</string>
    <string name="CAR_CUSTOMIZATION_KEYcar_mizuchi_srzSpoilerKit">0</string>
    <string name="macero_gtweightreduction">0</string>
    <string name="oceana_lxsuspension">0</string>
    <string name="combusta_lshandbrake">0</string>
    <string name="oceana_lxexhaust">0</string>
    <string name="car_hydra_gsracceleeration">0.5</string>
    <string name="avaneo_turboengineoil">0</string>
    <string name="mizuchiexhaust">0</string>
    <string name="UNCLOK_Car19_Spoiler_Default">1981</string>
    <string name="radia_helixclutchallunlocked">0</string>
    <string name="combusta_lstires">0</string>
    <string name="vultureweightreductionallunlocked">0</string>
    <string name="kunna_zxrtiresallunlocked">0</string>
    <string name="vampireweightreductionallunlocked">0</string>
    <string name="wadaairfilterallunlocked">0</string>
    <string name="tomahawk69lubricantsallunlocked">0</string>
    <string name="tomahawk600gttransmissionallunlocked">0</string>
    <string name="kodora_turbotransmissionallunlocked">0</string>
    <string name="UNCLOK_wheel_27_wheelcolor_0">1981</string>
    <string name="CAR_CUSTOMIZATION_KEYcar_wada_r2SpoilerKit">0</string>
    <string name="kommando_gtosuspension">0</string>
    <string name="rohrtiresallunlocked">0</string>
    <string name="UNCLOK_wheel_23_wheelcolor_0">1981</string>
    <string name="radia_helixecuallunlocked">0</string>
    <string name="elixam12ecu">0</string>
    <string name="intenziaairfilterallunlocked">0</string>
    <string name="mizuchihandbrakeallunlocked">0</string>
    <string name="rohrclutch">0</string>
    <string name="tensiogtxweightreductionallunlocked">0</string>
    <string name="CAR_CUSTOMIZATION_KEYcar_oceana_lxBodyKit">0</string>
    <string name="rohrairfilterallunlocked">0</string>
    <string name="tomahawk69handbrake">0</string>
    <string name="rohrweightreduction">0</string>
    <string name="DM2_UNLOCK_STUFFcar_intenza_gs_carcolor_0">0b54d0a12cd1c1f85e8e2945e244dd1f</string>
    <string name="CAR_CUSTOMIZATION_KEYcar_elixa_m12Wheel">30</string>
    <string name="elixam12transmission">0</string>
    <string name="DM2_UNLOCK_STUFFcar_avaneo_turbo_carcolor_0">0b54d0a12cd1c1f85e8e2945e244dd1f</string>
    <string name="radia_helixexhaustallunlocked">0</string>
    <int name="INITIAL_DATEDAY" value="10" />
    <string name="tomahawk600gtweightreductionallunlocked">0</string>
    <string name="namazu_gtssuspensionallunlocked">0</string>
    <string name="stingerengineoil">0</string>
    <string name="wadaweightreductionallunlocked">0</string>
    <string name="kunna_zxrflywheel">0</string>
    <string name="UNCLOK_Handbrake_Stage4">0</string>
    <string name="UNCLOK_Handbrake_Stage2">0</string>
    <string name="namazu_gtshandbrakeallunlocked">0</string>
    <string name="UNCLOK_Handbrake_Stage3">0</string>
    <string name="DM2_UNLOCK_STUFFcar_kunna_zxr_window_0">0b54d0a12cd1c1f85e8e2945e244dd1f</string>
    <string name="UNCLOK_Handbrake_Stage1">1981</string>
    <string name="vampireairfilterallunlocked">0</string>
    <string name="intenziaclutchallunlocked">0</string>
    <string name="CAR_CUSTOMIZATION_KEYcar_radia_helixWindowTint">0</string>
    <string name="hydratransmissionallunlocked">0</string>
    <string name="tomahawk69transmissionallunlocked">0</string>
    <string name="DM2_UNLOCK_STUFFHandbrake_Stage1">0b54d0a12cd1c1f85e8e2945e244dd1f</string>
    <string name="tensiogtxairfilterallunlocked">0</string>
    <string name="GAME_SETTINGSlatest_unlocked_track">-1</string>
    <string name="DM2_UNLOCK_STUFFwheel_29_wheelcolor_0">0b54d0a12cd1c1f85e8e2945e244dd1f</string>
    <string name="DM2_UNLOCK_STUFFCar10_Spoiler_Default">0b54d0a12cd1c1f85e8e2945e244dd1f</string>
    <string name="DM2_UNLOCK_STUFFwheel_3_wheelcolor_0">0b54d0a12cd1c1f85e8e2945e244dd1f</string>
    <string name="unity.player_session_background_time">1639126370352</string>
    <string name="DM2_UNLOCK_STUFFwheel_7_wheelcolor_0">0b54d0a12cd1c1f85e8e2945e244dd1f</string>
    <string name="vultureflywheel">0</string>
    <string name="CAR_CUSTOMIZATION_KEYcar_vampire_svxBodyColor">0</string>
    <string name="oceana_lxclutchallunlocked">0</string>
    <string name="CAR_CUSTOMIZATION_KEYcar_vultureWheel">37</string>
    <string name="CAR_CUSTOMIZATION_KEYcar_hydra_gsrWindowTint">0</string>
    <string name="DM2_UNLOCK_STUFFCar07_Spoiler_Default">0b54d0a12cd1c1f85e8e2945e244dd1f</string>
    <string name="kunna_zxrhandbrake">0</string>
    <string name="vulturetires">0</string>
    <string name="CAR_CUSTOMIZATION_KEYcar_radia_helixSpoilerKit">0</string>
    <string name="CAR_CUSTOMIZATION_KEYcar_avaneo_turboBodyColor">0</string>
    <string name="UNCLOK_wheel_12_wheelcolor_0">1981</string>
    <string name="UNCLOK_Car04_Default">1981</string>
    <string name="UNCLOK_car_avaneo_turbo_window_0">1981</string>
    <string name="DM2_UNLOCK_STUFFCar16_Spoiler_Default">0b54d0a12cd1c1f85e8e2945e244dd1f</string>
    <string name="DM2_UNLOCK_STUFFcar_namazu_gts_window_0">0b54d0a12cd1c1f85e8e2945e244dd1f</string>
    <string name="DM2_UNLOCK_STUFFCar01_Spoiler_Default">0b54d0a12cd1c1f85e8e2945e244dd1f</string>
    <string name="SCORE_japan3medal">0</string>
    <string name="vultureecu">0</string>
    <string name="UNCLOK_wheel_16_wheelcolor_0">1981</string>
    <string name="DM2_UNLOCK_STUFFCar04_Default">0b54d0a12cd1c1f85e8e2945e244dd1f</string>
    <string name="DM2_UNLOCK_STUFFwheel_22_wheelcolor_0">0b54d0a12cd1c1f85e8e2945e244dd1f</string>
    <string name="DM2_UNLOCK_STUFFcar_hydra_gsr_carcolor_0">0b54d0a12cd1c1f85e8e2945e244dd1f</string>
    <string name="CAR_CUSTOMIZATION_KEYcar_oceana_lxWheel">12</string>
    <string name="macero_gttransmissionallunlocked">0</string>
    <string name="CAR_CUSTOMIZATION_KEYcar_rohr_turboBodyKit">0</string>
    <string name="stingerlubricants">0</string>
    <string name="CAR_CUSTOMIZATION_KEYcar_intenza_gsSpoilerKit">0</string>
    <string name="UNCLOK_car_kommando_gto_window_0">1981</string>
    <string name="avaneo_turbotires">0</string>
    <string name="PROFILE_KEY_ALL_UNLOCK_COUNTDriveTrain">0</string>
    <string name="DM2_UNLOCK_STUFFcar_wada_r2_carcolor_0">0b54d0a12cd1c1f85e8e2945e244dd1f</string>
    <string name="radia_helixtransmission">0</string>
    <string name="unity.player_session_elapsed_time">80065</string>
    <string name="CAR_CUSTOMIZATION_KEYcar_hydra_gsrWheel">20</string>
    <string name="DM2_UNLOCK_STUFFCar01_Default">0b54d0a12cd1c1f85e8e2945e244dd1f</string>
    <string name="kommando_gtoweightreduction">0</string>
    <string name="DM2_UNLOCK_STUFFTires_Stage1">0b54d0a12cd1c1f85e8e2945e244dd1f</string>
    <string name="tomahawk600gtexhaust">0</string>
    <string name="intenzialubricantsallunlocked">0</string>
    <string name="tensiogtxclutchallunlocked">0</string>
    <string name="UNCLOK_car_kodora_turbo_carcolor_0">1981</string>
    <string name="UNCLOK_Car01_Default">1981</string>
    <string name="kunna_zxrtransmission">0</string>
    <string name="vulturelubricantsallunlocked">0</string>
    <string name="car_rohr_turboacceleeration">0.5</string>
    <string name="CAR_CUSTOMIZATION_KEYcar_stinger_gtsWheel">32</string>
    <string name="macero_gtecu">0</string>
    <string name="tensiogtxweightreduction">0</string>
    <string name="DM2_UNLOCK_STUFFcar_vulture_window_0">0b54d0a12cd1c1f85e8e2945e244dd1f</string>
    <string name="CAR_CUSTOMIZATION_KEYcar_wada_r2WindowTint">0</string>
    <string name="CAR_CUSTOMIZATION_KEYcar_hydra_gsrSpoilerKit">0</string>
    <string name="kunna_zxrairfilterallunlocked">0</string>
    <string name="oceana_lxtiresallunlocked">0</string>
    <string name="UNCLOK_car_namazu_gts_window_0">1981</string>
    <string name="CAR_CUSTOMIZATION_KEYcar_kunna_zxrBodyColor">0</string>
    <string name="wadaecu">0</string>
    <string name="hydraengineoil">0</string>
    <string name="UNCLOK_wheel_7_wheelcolor_0">1981</string>
    <string name="kunna_zxrweightreduction">0</string>
    <string name="rohrweightreductionallunlocked">0</string>
    <string name="DM2_UNLOCK_STUFFwheel_33_wheelcolor_0">0b54d0a12cd1c1f85e8e2945e244dd1f</string>
    <string name="DM2_UNLOCK_STUFFwheel_35_wheelcolor_0">0b54d0a12cd1c1f85e8e2945e244dd1f</string>
    <string name="intenziaecu">0</string>
    <string name="UNCLOK_Car06_Default">1981</string>
    <string name="CAR_CUSTOMIZATION_KEYcar_tomahawk_69WindowTint">0</string>
    <string name="stingerexhaust">0</string>
    <string name="avaneo_turboflywheel">0</string>
    <string name="DM2_UNLOCK_STUFFCar06_Default">0b54d0a12cd1c1f85e8e2945e244dd1f</string>
    <string name="CAR_CUSTOMIZATION_KEYcar_combusta_lsBodyKit">0</string>
    <string name="CAR_CUSTOMIZATION_KEYcar_rohr_turboSpoilerKit">0</string>
    <string name="combusta_lssuspensionallunlocked">0</string>
    <string name="CAR_CUSTOMIZATION_KEYcar_combusta_lsBodyColor">0</string>
    <string name="DM2_UNLOCK_STUFFwheel_24_wheelcolor_0">0b54d0a12cd1c1f85e8e2945e244dd1f</string>
    <string name="CAR_CUSTOMIZATION_KEYcar_elixa_m12SpoilerKit">0</string>
    <string name="elixam12ecuallunlocked">0</string>
    <string name="tomahawk600gtairfilter">0</string>
    <string name="combusta_lsairfilterallunlocked">0</string>
    <string name="DM2_UNLOCK_STUFFcar_macero_gt_carcolor_0">0b54d0a12cd1c1f85e8e2945e244dd1f</string>
    <string name="CAR_CUSTOMIZATION_KEYcar_mizuchi_srzWheel">5</string>
    <string name="CAR_CUSTOMIZATION_KEYcar_tomahawk_600gtSpoilerKit">0</string>
    <string name="hydrasuspension">0</string>
    <string name="UNCLOK_wheel_0_wheelcolor_0">1981</string>
    <string name="vampireflywheel">0</string>
    <string name="combusta_lsecuallunlocked">0</string>
    <string name="UNCLOK_Track01">1981</string>
    <string name="tomahawk69lubricants">0</string>
    <string name="UNCLOK_Track02">0</string>
    <string name="vultureclutchallunlocked">0</string>
    <string name="UNCLOK_Track03">0</string>
    <string name="DM2_UNLOCK_STUFFCar17_Default">0b54d0a12cd1c1f85e8e2945e244dd1f</string>
    <string name="UNCLOK_wheel_34_wheelcolor_0">1981</string>
    <string name="DM2_UNLOCK_STUFFLubricants_Stage1">0b54d0a12cd1c1f85e8e2945e244dd1f</string>
    <string name="UNCLOK_Lubricants_Stage3">0</string>
    <string name="KEY_PLAYER_MONEY">9999999</string>
    <string name="UNCLOK_Lubricants_Stage4">0</string>
    <string name="DM2_UNLOCK_STUFFwheel_13_wheelcolor_0">0b54d0a12cd1c1f85e8e2945e244dd1f</string>
    <string name="DM2_UNLOCK_STUFFCar11_Spoiler_Default">0b54d0a12cd1c1f85e8e2945e244dd1f</string>
    <string name="UNCLOK_Lubricants_Stage1">1981</string>
    <string name="UNCLOK_Lubricants_Stage2">0</string>
    <string name="macero_gtlubricantsallunlocked">0</string>
    <string name="DM2_UNLOCK_STUFFCar02_Spoiler_Default">0b54d0a12cd1c1f85e8e2945e244dd1f</string>
    <string name="vultureengineoil">0</string>
    <string name="kodora_turbolubricantsallunlocked">0</string>
    <string name="tomahawk69clutch">0</string>
    <string name="tensiogtxsuspension">0</string>
    <string name="DM2_UNLOCK_STUFFCar08_Spoiler_Default">0b54d0a12cd1c1f85e8e2945e244dd1f</string>
    <string name="radia_helixweightreduction">0</string>
    <string name="mizuchiengineoil">0</string>
    <string name="rohrecuallunlocked">0</string>
    <string name="tomahawk600gtflywheel">0</string>
    <string name="oceana_lxexhaustallunlocked">0</string>
    <string name="vultureexhaustallunlocked">0</string>
    <string name="UNCLOK_Car17_Default">1981</string>
    <string name="DM2_UNLOCK_STUFFCar17_Spoiler_Default">0b54d0a12cd1c1f85e8e2945e244dd1f</string>
    <string name="tomahawk600gttires">0</string>
    <string name="CAR_CUSTOMIZATION_KEYcar_kodora_turboBodyKit">0</string>
    <string name="tensiogtxecu">0</string>
    <string name="UNCLOK_Track13">1981</string>
    <string name="mizuchiexhaustallunlocked">0</string>
    <string name="CAR_CUSTOMIZATION_KEYcar_mizuchi_srzWindowTint">0</string>
    <string name="UNCLOK_Car12_Default">1981</string>
    <string name="CAR_CUSTOMIZATION_KEYcar_avaneo_turboWheelColor7">0</string>
    <string name="DM2_UNLOCK_STUFFwheel_5_wheelcolor_0">0b54d0a12cd1c1f85e8e2945e244dd1f</string>
    <string name="stingerflywheelallunlocked">0</string>
    <string name="kodora_turbolubricants">0</string>
    <string name="intenziatiresallunlocked">0</string>
    <string name="kunna_zxrsuspension">0</string>
    <string name="radia_helixflywheelallunlocked">0</string>
    <string name="UNCLOK_Car14_Spoiler_Default">1981</string>
    <string name="macero_gthandbrakeallunlocked">0</string>
    <string name="oceana_lxweightreductionallunlocked">0</string>
    <string name="DM2_UNLOCK_STUFFCar12_Default">0b54d0a12cd1c1f85e8e2945e244dd1f</string>
    <string name="CAR_CUSTOMIZATION_KEYcar_kunna_zxrWindowTint">0</string>
    <string name="UNCLOK_Suspension_Stage2">0</string>
    <string name="UNCLOK_Car05_Spoiler_Default">1981</string>
    <string name="UNCLOK_Suspension_Stage1">1981</string>
    <string name="DM2_UNLOCK_STUFFSuspension_Stage1">0b54d0a12cd1c1f85e8e2945e244dd1f</string>
    <string name="UNCLOK_Suspension_Stage4">0</string>
    <string name="UNCLOK_Suspension_Stage3">0</string>
    <string name="UNCLOK_wheel_14_wheelcolor_0">1981</string>
    <string name="kommando_gtohandbrakeallunlocked">0</string>
    <string name="CAR_CUSTOMIZATION_KEYcar_kommando_gtoWindowTint">0</string>
    <string name="mizuchisuspensionallunlocked">0</string>
    <string name="combusta_lsflywheel">0</string>
    <string name="rohrecu">0</string>
    <string name="DM2_UNLOCK_STUFFcar_stinger_gts_window_0">0b54d0a12cd1c1f85e8e2945e244dd1f</string>
    <string name="stingertires">0</string>
</map>
