<?xml version='1.0' encoding='utf-8' standalone='yes' ?>
<map>
    <string name="RXDCgGHDr8OdYn1HwqpO">FSLPIgUDAGnZ1gg%3D</string>
    <string name="fFHCgUvDlMK4BiJ3wqFOw4jDu15wRg%3D%3D">FCLPIgUDAJN2u%2FM%3D</string>
    <string name="unity.player_sessionid">4551606421615206644</string>
    <string name="RnfCn3fDtcOZcXBBwqxDw4s%3D">FSLPIgUDAGnZ1gg%3D</string>
    <string name="fFHCnGnDrsOUfFFHwqxBw4bDtAVATMKjTcOEw7NQcQ%3D%3D">FCLPIgUDAJN2u%2FM%3D</string>
    <string name="fFHCjnDDtcORY1R1wqdHw4LDtAVATMKjTcOEw7NQcQ%3D%3D">FCLPIgUDAJN2u%2FM%3D</string>
    <string name="RmPCh23Do8O9VnZDwqM%3D">FSLPIgUDAGnZ1gg%3D</string>
    <string name="fFHCjW%2FCh8OVBkJKwqpHw4vCqGB7TsKgQcOMw71R">FCLPIgUDAJN2u%2FM%3D</string>
    <string name="V2%2FDr2fClMKoYn1HwqpO">FSLPIgUDAGnZ1gg%3D</string>
    <string name="fFHCnGnDrsOUfFZNwqNNw5XCqgVATMKjTcOEw7NQcQ%3D%3D">FCLPIgUDAJN2u%2FM%3D</string>
    <string name="W0vCvALClMKvdnpOwqBQ">ECLPIgUDADU4C4A%3D</string>
    <string name="VmvCmWvDrMOPXXBHwqM%3D">FSLPIgUDAGnZ1gg%3D</string>
    <string name="Vm3CnWzDosOMcXBBwqxDw4s%3D">FSLPIgUDAGnZ1gg%3D</string>
    <string name="fFHCgUvDlMK4ZnxOwppMw4vDt1Z%2BR8Kr">FCLPIgUDAJN2u%2FM%3D</string>
    <string name="fFHCjG3DtcOZeFpmwqpBw4TDuVkld8KhTsOIw7tecEY%3D">FCLPIgUDAJN2u%2FM%3D</string>
    <string name="YU3Cu0PDi8ObWnxM">gt01bAUDACfiSRU%3D</string>
    <string name="fFHCnGPDr8OXYn1HwqpOwpfDjVt5TcKsScOCw7w%3D">FCLPIgUDAJN2u%2FM%3D</string>
    <string name="fFHCn3DDqMObfVBmwqpBw4TDuVkld8KhTsOIw7tecEY%3D">FCLPIgUDAJN2u%2FM%3D</string>
    <string name="QU3CtkbDhsOsVDVmwqpOw47Dqlx6TMKMTcOLw7dH">ACLPIgUDANtppgU%3D</string>
    <string name="fFHCm23DvsOcdEFjwoxNw4vDt0cjd8KhTsOIw7tecEY%3D">FCLPIgUDAJN2u%2FM%3D</string>
    <string name="fFHCnHfDt8ONZ1R3wqFOw4jDu15wRg%3D%3D">FCLPIgUDAJN2u%2FM%3D</string>
    <string name="fFHCn3DDqMObfVBhwqBOw4jDqgRATMKjTcOEw7NQcQ%3D%3D">FCLPIgUDAJN2u%2FM%3D</string>
    <string name="VkPCvWHDiMO2QWdNwqN2w57DqFA%3D">FSLPIgUDAGnZ1gg%3D</string>
    <string name="QW3ClmbDpsOMdEJKwqpHw4s%3D">FSLPIgUDAGnZ1gg%3D</string>
    <string name="W2vCnALDoMOMdnpOwqBQ">FSLPIgUDAGnZ1gg%3D</string>
    <string name="W0vCvALDtMOxWVFHwqxBw4bDtA%3D%3D">FSLPIgUDAGnZ1gg%3D</string>
    <string name="fFHCgWvDtMK4ckFmwqpBw4TDuVkld8KhTsOIw7tecEY%3D">FCLPIgUDAJN2u%2FM%3D</string>
    <string name="fFHCm03DnsO8VGFDw69mw4LDtFxnS8KgTMOyw7ZZekHCpEfDgw%3D%3D">FCLPIgUDAJN2u%2FM%3D</string>
    <string name="fFHCgUvDlMK4BiJhwqBOw4jDqgBATMKjTcOEw7NQcQ%3D%3D">FCLPIgUDAJN2u%2FM%3D</string>
    <string name="RkrCqk7Di8O3FV5Nwr1Aw4bDm1p5TcK9">HSLPIgUDAMRY2p4%3D</string>
    <string name="fFHCnErDgsO0WXoCwoRNw5XDulRWTcKjTcOVwqBge07CoEHDjMO9UQ%3D%3D">FCLPIgUDAJN2u%2FM%3D</string>
    <string name="fFHCnGfDscOXYHtOwqBBw4zDvVE%3D">FCLPIgUDAJN2u%2FM%3D</string>
    <string name="fFHCjG3DtcOZeFphwqBOw4jDqgQid8KhTsOIw7tecEY%3D">FCLPIgUDAJN2u%2FM%3D</string>
    <string name="fFHCjG3DtcOWcEF1wqdHw4LDtAVATMKjTcOEw7NQcQ%3D%3D">FCLPIgUDAJN2u%2FM%3D</string>
    <string name="WUfCuUfDi8KoBFtDwqJH">VHGfag0pIg8DAGkH51k%3D</string>
    <string name="fFHCgm%2FDqsOcUHZBwq5OwpfDjVt5TcKsScOCw7w%3D">FCLPIgUDAJN2u%2FM%3D</string>
    <string name="W0vCvALDtMOxWUJKwqpHw4s%3D">FSLPIgUDAGnZ1gg%3D</string>
    <string name="W0vCvALClMKvcXBBwqxDw4s%3D">FSLPIgUDAGnZ1gg%3D</string>
    <string name="fFHCg0fDkcO9WSUQwppMw4vDt1Z%2BR8Kr">FCLPIgUDAJN2u%2FM%3D</string>
    <string name="fFHCjGvDscORflZNwqNNw5XCrGB7TsKgQcOMw71R">FCLPIgUDAJN2u%2FM%3D</string>
    <string name="fFHCnErDgsO0WXoCwoRNw5XDulRRR8KsQcOGw7QFQEzCo03DhMOzUHE%3D">FCLPIgUDAJN2u%2FM%3D</string>
    <string name="fFHCjGvDscORfkJKwqpHw4vCqGB7TsKgQcOMw71R">FCLPIgUDAJN2u%2FM%3D</string>
    <string name="VHDCnWvDscOZdnpOwqBQ">FCLPIgUDAJN2u%2FM%3D</string>
    <string name="fFHCgmPDvcOZcVZNwqNNw5XCq2B7TsKgQcOMw71R">FCLPIgUDAJN2u%2FM%3D</string>
    <string name="fFHCnErDgsO0WXoCwoRNw5XDulRATMKjTcOEw7NQcQ%3D%3D">FCLPIgUDAJN2u%2FM%3D</string>
    <string name="fFHCjW%2FCh8OdBiVhwqBOw4jDqgVATMKjTcOEw7NQcQ%3D%3D">FCLPIgUDAJN2u%2FM%3D</string>
    <string name="fFHCm03DnsO8VGFDw69mw4LDtFxnS8KgTMOww7BQcE7Dv3fDicO0WnZJwqpG">FCLPIgUDAJN2u%2FM%3D</string>
    <string name="fFHCnGPDr8OXYHtOwqBBw4zDvVE%3D">FCLPIgUDAJN2u%2FM%3D</string>
    <int name="LanguageSelectionShowed" value="1" />
    <string name="fFHCgUvDlMK4BiJ1wqdHw4LDtAVATMKjTcOEw7NQcQ%3D%3D">FCLPIgUDAJN2u%2FM%3D</string>
    <string name="RmPCh23DpMO3WXpQ">BCLPIgUDAOY4WLw%3D</string>
    <int name="Screenmanager%20Resolution%20Height" value="1080" />
    <string name="fFHCnGrDosOUeVphwqBOw4jDqgQjd8KhTsOIw7tecEY%3D">FCLPIgUDAJN2u%2FM%3D</string>
    <string name="V2%2FDr2%2FClMOPXXBHwqM%3D">FSLPIgUDAGnZ1gg%3D</string>
    <string name="QW3ClmbDpsOMdFFHwqxBw4bDtA%3D%3D">FSLPIgUDAGnZ1gg%3D</string>
    <string name="RkrCqk7Di8O3FV5Nwr1Aw4bDnFB2QcKuTg%3D%3D">FSLPIgUDAGnZ1gg%3D</string>
    <string name="XFHCmlHDgsOqcEA%3D">FyLPIgUDAJaBdB8%3D</string>
    <string name="fFHCn3DDqMObfVB3wqFOw4jDu15wRg%3D%3D">FCLPIgUDAJN2u%2FM%3D</string>
    <string name="VmvCmWvDrMOcUHZBwq5O">FSLPIgUDAGnZ1gg%3D</string>
    <string name="fFHCm23DvsOcdEFjwotHw4TDu1R5EsKaTMOLw7dWfkfCqw%3D%3D">FCLPIgUDAJN2u%2FM%3D</string>
    <string name="WGPClWPDo8ObWnlNwr0%3D">FiLPIgUDAHesroA%3D</string>
    <string name="RkrCqk7Di8O3FV5Nwr1Aw4bDj11wR8Kj">FSLPIgUDAGnZ1gg%3D</string>
    <string name="W0vCvALDtMOxWVZNwqNNw5U%3D">FCLPIgUDAJN2u%2FM%3D</string>
    <string name="RXDCgGHDr8OdcXBBwqxDw4s%3D">FSLPIgUDAGnZ1gg%3D</string>
    <string name="RmPCh23DsMOwUHBO">FSLPIgUDAGnZ1gg%3D</string>
    <string name="RnfCn3fDtcOZdnpOwqBQ">GyLPIgUDALeQdN8%3D</string>
    <string name="fFHCnGPDr8OXcXBBwqxDw4vCqGB7TsKgQcOMw71R">FCLPIgUDAJN2u%2FM%3D</string>
    <string name="fFHCjW%2FCh8OdBiV1wqdHw4LDtAVATMKjTcOEw7NQcQ%3D%3D">FCLPIgUDAJN2u%2FM%3D</string>
    <string name="V2%2FDr2%2FClMOcUHZBwq5O">FSLPIgUDAGnZ1gg%3D</string>
    <string name="fFHCnGPDr8OXdnpOwqBQwpbCr2B7TsKgQcOMw71R">FCLPIgUDAJN2u%2FM%3D</string>
    <string name="WGPClWPDo8OcUHZBwq5O">FSLPIgUDAGnZ1gg%3D</string>
    <string name="fFHCgWvDtMK4ckFhwqBOw4jDqgVATMKjTcOEw7NQcQ%3D%3D">FCLPIgUDAJN2u%2FM%3D</string>
    <string name="fFHCjG3DtcOZeFp3wqFOw4jDu15wRg%3D%3D">FCLPIgUDAJN2u%2FM%3D</string>
    <string name="fFHCm03DnsO8VGFDw69mw4LDtFxnS8KgTMOjw71WdkPCoxLDssO2WXpBwqRHw4M%3D">FCLPIgUDAJN2u%2FM%3D</string>
    <string name="unity.cloud_userid">88b1f8c3951b61c7daccd1a66779c56f</string>
    <string name="VmvCmWvDrMObWnlNwr0%3D">ESLPIgUDAOJiZ%2F0%3D</string>
    <string name="RmfCmW3DsMOwUHBO">FSLPIgUDAGnZ1gg%3D</string>
    <string name="fFHCnHfDt8ONZ1RhwqBOw4jDqgQhd8KhTsOIw7tecEY%3D">FCLPIgUDAJN2u%2FM%3D</string>
    <string name="fFHCjW%2FCh8OdBiVmwqpBw4TDuVkld8KhTsOIw7tecEY%3D">FCLPIgUDAJN2u%2FM%3D</string>
    <string name="fFHCnGrDosOUeVp1wqdHw4LDtAVATMKjTcOEw7NQcQ%3D%3D">FCLPIgUDAJN2u%2FM%3D</string>
    <string name="QU3CtkbDhsOsVDVmwqpOw47Dqlx6TMKLR8OEw7tUeQ%3D%3D">FSLPIgUDAGnZ1gg%3D</string>
    <string name="Vm3CnWPDqsOXYn1HwqpO">FSLPIgUDAGnZ1gg%3D</string>
    <string name="VHDCnWvDscOZYn1HwqpO">FSLPIgUDAGnZ1gg%3D</string>
    <string name="fFHCjW%2FCh8OVBlZNwqNNw5XCqgZATMKjTcOEw7NQcQ%3D%3D">FCLPIgUDAJN2u%2FM%3D</string>
    <string name="RmnChm7DrsOPXXBHwqM%3D">FSLPIgUDAGnZ1gg%3D</string>
    <string name="QW3ClmbDpsOMdFZNwqNNw5U%3D">EyLPIgUDAKAROak%3D</string>
    <string name="fFHCgmPDvcOZcUJKwqpHw4vCqGB7TsKgQcOMw71R">FCLPIgUDAJN2u%2FM%3D</string>
    <string name="Vk3CoVHDgsO2QVRSwr9Qw4jDrlR5ccK7Q8OTw70%3D">FCLPIgUDAJN2u%2FM%3D</string>
    <string name="XFfCrUfDicO8VA%3D%3D">FCLPIgUDAJN2u%2FM%3D</string>
    <string name="fFHCgUvDlMK4BiJmwqpBw4TDuVkld8KhTsOIw7tecEY%3D">FCLPIgUDAJN2u%2FM%3D</string>
    <string name="fFHCnGnDrsOUfEBMwqNNw4TDs1Bx">FCLPIgUDAJN2u%2FM%3D</string>
    <string name="Vm3CnWPDqsOXcXBBwqxDw4s%3D">FSLPIgUDAGnZ1gg%3D</string>
    <string name="fFHCgUvDlMK4ZnxOwotHw4TDu1R5EsKaTMOLw7dWfkfCqw%3D%3D">FCLPIgUDAJN2u%2FM%3D</string>
    <string name="QU3CtkbDhsOsVDVmwqpOw47Dqlx6TMKYSsOCw71Z">FSLPIgUDAGnZ1gg%3D</string>
    <string name="fFHCgm%2FDqsObWnlNwr0QwpPDjVt5TcKsScOCw7w%3D">FCLPIgUDAJN2u%2FM%3D</string>
    <string name="fFHCnErDgsO0WXoCwoRNw5XDulRCSsKqR8OLwqhge07CoEHDjMO9UQ%3D%3D">FCLPIgUDAJN2u%2FM%3D</string>
    <string name="RnfCn3fDtcOZYn1HwqpO">FSLPIgUDAGnZ1gg%3D</string>
    <string name="fFHCnHfDt8ONZ1R1wqdHw4LDtAVATMKjTcOEw7NQcQ%3D%3D">FCLPIgUDAJN2u%2FM%3D</string>
    <string name="fFHCjG3DtcOWcEFmwqpBw4TDuVkld8KhTsOIw7tecEY%3D">FCLPIgUDAJN2u%2FM%3D</string>
    <string name="fFHCgUvDlMK4ZnxOwoxNw4vDt0ckd8KhTsOIw7tecEY%3D">FCLPIgUDAJN2u%2FM%3D</string>
    <string name="RmnChm7DrsObWnlNwr0%3D">ASLPIgUDAF8O55s%3D</string>
    <string name="Vm3CnWzDosOMdnpOwqBQ">FCLPIgUDAJN2u%2FM%3D</string>
    <string name="fFHCjnDDtcORY1RhwqBOw4jDqgRATMKjTcOEw7NQcQ%3D%3D">FCLPIgUDAJN2u%2FM%3D</string>
    <int name="Screenmanager%20Resolution%20Width" value="2300" />
    <string name="Vm3CnWzDosOMYn1HwqpO">FSLPIgUDAGnZ1gg%3D</string>
    <string name="fFHCjnDDtcORY1RmwqpBw4TDuVkld8KhTsOIw7tecEY%3D">FCLPIgUDAJN2u%2FM%3D</string>
    <string name="AudioEffectEnabled">true</string>
    <string name="fFHCgmPDvcOZcVFHwqxBw4bDtAVATMKjTcOEw7NQcQ%3D%3D">FCLPIgUDAJN2u%2FM%3D</string>
    <string name="VHDCnWvDscOZcXBBwqxDw4s%3D">FSLPIgUDAGnZ1gg%3D</string>
    <string name="fFHCgmPDvcOZcUBMwqNNw4TDs1Bx">FCLPIgUDAJN2u%2FM%3D</string>
    <string name="RmfCmW3DpMO3WXpQ">EyLPIgUDAKAROak%3D</string>
    <string name="RmrCim7Dq8OXYn1HwqpO">FSLPIgUDAGnZ1gg%3D</string>
    <string name="V2%2FDr2%2FClMObWnlNwr0%3D">AiLPIgUDAEAJA5Q%3D</string>
    <string name="fFHCnHfDt8ONZ1RmwqpBw4TDuVkld8KhTsOIw7tecEY%3D">FCLPIgUDAJN2u%2FM%3D</string>
    <string name="fFHCn3DDqMObfVB1wqdHw4LDtAVATMKjTcOEw7NQcQ%3D%3D">FCLPIgUDAJN2u%2FM%3D</string>
    <string name="fFHCnGrDosOUeVpmwqpBw4TDuVkld8KhTsOIw7tecEY%3D">FCLPIgUDAJN2u%2FM%3D</string>
    <string name="9978e9f39c218d674463dab9dc728bd6">FSLDjyLCp8KYNQ%3D%3D</string>
    <string name="fFHCnGrDosOUeVp3wqFOw4jDu15wRg%3D%3D">FCLPIgUDAJN2u%2FM%3D</string>
    <int name="__UNITY_PLAYERPREFS_VERSION__" value="1" />
    <string name="U0vCvVHDk8ObWnxM">6t0wbQUDAB5oubc%3D</string>
    <string name="fFHCjG3DtcOWcEFhwqBOw4jDqgRATMKjTcOEw7NQcQ%3D%3D">FCLPIgUDAJN2u%2FM%3D</string>
    <string name="fFHCgWvDtMK4ckF3wqFOw4jDu15wRg%3D%3D">FCLPIgUDAJN2u%2FM%3D</string>
    <string name="fFHCjG3DtcOZeFp1wqdHw4LDtAVATMKjTcOEw7NQcQ%3D%3D">FCLPIgUDAJN2u%2FM%3D</string>
    <string name="RmfCmW3Do8O9VnZDwqM%3D">FSLPIgUDAGnZ1gg%3D</string>
    <string name="Vm3CnWPDqsOXdnpOwqBQ">BCLPIgUDAOY4WLw%3D</string>
    <string name="VEzCu0vDpsO0XHRRwopMw4bDullwRg%3D%3D">c0OjUSQPAwB9xmgv</string>
    <string name="VFfCq0vDiMOVQGZLwqxnw4nDuVd5R8Kr">YVC6Rw8DAPfqCEY%3D</string>
    <string name="fFHCm03DnsO8VGFDw69mw4LDtFxnS8KgTMOkw7dZelDDvRPDssO2WXpBwqRHw4M%3D">FCLPIgUDAJN2u%2FM%3D</string>
    <string name="fFHCjG3DtcOWcEF3wqFOw4jDu15wRg%3D%3D">FCLPIgUDAJN2u%2FM%3D</string>
    <string name="dEbCvHDDgsO1WmNHwqs%3D">FSLPIgUDAGnZ1gg%3D</string>
    <string name="W2vCnALDoMOMcXBBwqxDw4s%3D">FSLPIgUDAGnZ1gg%3D</string>
    <string name="YxY%3D">YVC6Rw8DAPfqCEY%3D</string>
    <string name="W2vCnALDoMOMYn1HwqpO">FSLPIgUDAGnZ1gg%3D</string>
    <string name="fFHCgm%2FDqsONW3lNwqxJw4LDvA%3D%3D">FCLPIgUDAJN2u%2FM%3D</string>
    <string name="WG%2FCgnXDj8O9UHk%3D">FSLPIgUDAGnZ1gg%3D</string>
    <string name="fFHCjnDDtcORY1R3wqFOw4jDu15wRg%3D%3D">FCLPIgUDAJN2u%2FM%3D</string>
    <string name="fFHCnGfDscOXcXBBwqxDw4vCqGB7TsKgQcOMw71R">FCLPIgUDAJN2u%2FM%3D</string>
    <string name="fFHCnGnDrsOUfEJKwqpHw4vCqGB7TsKgQcOMw71R">FCLPIgUDAJN2u%2FM%3D</string>
    <string name="fFHCjGvDscORfkBMwqNNw4TDs1Bx">FCLPIgUDAJN2u%2FM%3D</string>
    <string name="fFHCjW%2FCh8OdBiV3wqFOw4jDu15wRg%3D%3D">FCLPIgUDAJN2u%2FM%3D</string>
    <string name="fFHCnGfDscOXdnpOwqBQwpHDjVt5TcKsScOCw7w%3D">FCLPIgUDAJN2u%2FM%3D</string>
    <string name="fFHCgm%2FDqsOPXXBHwqMSw7LDtll6QcKkR8OD">FCLPIgUDAJN2u%2FM%3D</string>
    <string name="fFHCgWvDtMK4ckF1wqdHw4LDtAVATMKjTcOEw7NQcQ%3D%3D">FCLPIgUDAJN2u%2FM%3D</string>
    <string name="fFHCnGPDr8ORe0BMwqNNw4TDs1Bx">FCLPIgUDAJN2u%2FM%3D</string>
    <string name="fFHCjW%2FCh8OVBkBMwqNNw4TDs1Bx">FCLPIgUDAJN2u%2FM%3D</string>
    <string name="fFHCgUvDlMK4ZnxOwphKw4LDvVkld8KhTsOIw7tecEY%3D">FCLPIgUDAJN2u%2FM%3D</string>
    <string name="fFHCjGvDscORflFHwqxBw4bDtAVATMKjTcOEw7NQcQ%3D%3D">FCLPIgUDAJN2u%2FM%3D</string>
    <string name="fFHCm23DvsOcdEFjwphKw4LDvVkld8KhTsOIw7tecEY%3D">FCLPIgUDAJN2u%2FM%3D</string>
    <string name="W0vCvALClMKvYn1HwqpO">FSLPIgUDAGnZ1gg%3D</string>
    <string name="fFHCnGfDscOXYn1HwqpOwpfDjVt5TcKsScOCw7w%3D">FCLPIgUDAJN2u%2FM%3D</string>
    <string name="unity.player_session_count">1</string>
    <string name="fFHCgUvDlMOrVHsCwpxLw4vDrlx0AsKcE8KUw4pge07CoEHDjMO9UQ%3D%3D">FCLPIgUDAJN2u%2FM%3D</string>
    <string name="WG%2FCgmHDiMO0Wmc%3D">DSLPIgUDAFdKgDI%3D</string>
    <string name="V2%2FDr2fClMKocXBBwqxDw4s%3D">FSLPIgUDAGnZ1gg%3D</string>
    <string name="RmrCim7Dq8OXdnpOwqBQ">BSLPIgUDAEi9msI%3D</string>
    <string name="V2%2FDr2fClMKodnpOwqBQ">FSLPIgUDAGnZ1gg%3D</string>
    <string name="RknCpkbDisO5R35nwqFDw4XDtFBx">YVC6Rw8DAPfqCEY%3D</string>
    <int name="Screenmanager%20Fullscreen%20mode" value="-1" />
    <string name="fFHCg0fDkcO9WSUTwppMw4vDt1Z%2BR8Kr">FCLPIgUDAJN2u%2FM%3D</string>
    <string name="RmnChm7DrsOcUHZBwq5O">FSLPIgUDAGnZ1gg%3D</string>
    <string name="RmrCim7Dq8OXcXBBwqxDw4s%3D">FSLPIgUDAGnZ1gg%3D</string>
    <string name="WG%2FCgmbDgsO7VnRO">FSLPIgUDAGnZ1gg%3D</string>
    <string name="fFHCjW%2FCh8OVBlFHwqxBw4bDtAVATMKjTcOEw7NQcQ%3D%3D">FCLPIgUDAJN2u%2FM%3D</string>
    <string name="fFHCm23DvsOcdEFjwppMw4vDt1Z%2BR8Kr">FCLPIgUDAJN2u%2FM%3D</string>
    <string name="WGPClWPDo8OPXXBHwqM%3D">FSLPIgUDAGnZ1gg%3D</string>
    <string name="RXDCgGHDr8OddnpOwqBQ">FCLPIgUDAJN2u%2FM%3D</string>
</map>
