<?xml version='1.0' encoding='utf-8' standalone='yes' ?>
<map>
    <int name="SinglePlayerNumberOfBreakBlocks" value="0" />
    <string name="unity.player_sessionid">6178777857778231371</string>
    <int name="SinglePlayerNumberOfBlockedHits" value="999999999" />
    <int name="Screenmanager%20Resolution%20Width" value="2300" />
    <int name="PLUGINS.GOOGLE_SUBSCRIPTION.INIT" value="0" />
    <int name="SinglePlayerGameZone" value="0" />
    <int name="PLUGINS.GOOGLE_SUBSCRIPTION.VERSION" value="100" />
    <int name="SinglePlayerScore" value="999999999" />
    <int name="PLUGINS.GooglePlayGames.VERSION" value="0" />
    <int name="SurvivalNumberOfInjuries" value="0" />
    <int name="FirstStart" value="1" />
    <int name="SurvivalGameZone" value="0" />
    <int name="SurvivalNumberOfDeath" value="0" />
    <int name="SurvivalNumberOfCriticals" value="999999999" />
    <int name="SinglePlayerSword" value="1" />
    <int name="__UNITY_PLAYERPREFS_VERSION__" value="1" />
    <int name="failed" value="0" />
    <int name="SinglePlayerDifficulty" value="1" />
    <int name="SurvivalNumberOfBlockedHits" value="999999999" />
    <int name="SurvivalMoney" value="999999999" />
    <int name="SinglePlayerMoney" value="999999999" />
    <int name="SurvivalDifficulty" value="0" />
    <int name="SurvivalSword" value="1" />
    <int name="SinglePlayerSurvivalRound" value="0" />
    <int name="SinglePlayerNumberOfInjuries" value="0" />
    <int name="SurvivalNumberOfBarrels" value="999999999" />
    <int name="SinglePlayerNumberOfKnockdowns" value="999999999" />
    <int name="Screenmanager%20Resolution%20Height" value="1080" />
    <int name="SinglePlayerNumberOfDeath" value="0" />
    <int name="SurvivalSaveExist" value="0" />
    <string name="SinglePlayerLevel">level01</string>
    <int name="SurvivalNumberOfBreakBlocks" value="0" />
    <int name="SinglePlayerSaveExist" value="1" />
    <int name="SurvivalScore" value="999999999" />
    <int name="SurvivalNumberOfKnockdowns" value="0" />
    <int name="SurvivalHealth" value="999999999" />
    <int name="Madfinger.Accounts.SupressConnection" value="1" />
    <string name="unity.player_session_count">3</string>
    <string name="SurvivalLevel">level01</string>
    <int name="SinglePlayerCombo5" value="1" />
    <int name="PLUGINS.GooglePlayGames.INIT" value="0" />
    <string name="unity.cloud_userid">220b06003b4191a2dab8b2bd32981ddb</string>
    <int name="Screenmanager%20Fullscreen%20mode" value="-1" />
    <int name="SurvivalSurvivalRound" value="0" />
    <int name="SurvivalCombo1" value="1" />
    <int name="SinglePlayerCombo1" value="1" />
    <int name="firstTime" value="1" />
    <int name="SurvivalCombo0" value="1" />
    <int name="SinglePlayerCombo2" value="1" />
    <int name="SurvivalCombo3" value="1" />
    <int name="SinglePlayerCombo3" value="1" />
    <int name="SurvivalCombo2" value="1" />
    <int name="SinglePlayerCombo4" value="1" />
    <int name="SurvivalCombo5" value="1" />
    <int name="SinglePlayerNumberOfBarrels" value="999999999" />
    <int name="SurvivalCombo4" value="1" />
    <int name="SinglePlayerHealth" value="999999999" />
    <int name="SinglePlayerCombo0" value="1" />
    <int name="SinglePlayerNumberOfCriticals" value="0" />
    <int name="SocialLoginEnabled" value="1" />
</map>
